Category: All categories,,Search trends for the word 'Bitcoin',,,,,,,,,,,,,,,,,,,,,,,,,,,,,,,,,,,,,,,,,,,,,,,,,,,,,,,,,,,,,,,,,,,,,,,,,,,
,,,,,,,,,,,,,,,,,,,,,,,,,,,,,,,,,,,,,,,,,,,,,,,,,,,,,,,,,,,,,,,,,,,,,,,,,,,,,
,,,,,,,,,,,,,,,,,,,,,,,,,,,,,,,,,,,,,,,,,,,,,,,,,,,,,,,,,,,,,,,,,,,,,,,,,,,,,
Week,Andorra,Argentina,Australia,Austria,Belgium,Brazil,Canada,Chile,China,Colombia,Croatia,Cyprus,Czechia,Denmark,Dominican Republic,Ecuador,Egypt,El Salvador,Estonia,Faroe Islands,Finland,France,French Guiana,Germany,Greece,Greenland,Guadeloupe,Guam,Hong Kong,Hungary,India,Iran,Indonesia,Ireland,Italy,Japan,Kazakhstan,Kenya,Latvia,Liechtenstein,Lithuania,Luxembourg,Malaysia,Malta,Martinique,Mexico,Montenegro,Morocco,Namibia,Netherlands,New Zealand,Nigeria,Norway,Pakistan,Panama,Peru,Philippines,Poland,Portugal,Romania,Russia,Saudi Arabia,Singapore,Slovakia,South Africa,South Korea,Spain,Sweden,Switzerland,Thailand,Turkey,Ukraine,United Arab Emirates,United Kingdom,United States,Venezuela,Vietnam
11/10/15,0,5,2,3,3,3,2,2,8,<1,2,1,2,2,5,2,1,0,2,0,3,2,15,1,3,0,0,0,3,4,4,2,6,2,2,1,2,4,5,0,4,6,3,2,0,<1,0,7,6,1,2,2,2,2,3,3,3,2,3,1,3,1,1,2,2,1,1,3,2,2,1,5,1,2,2,7,5
18/10/15,22,2,1,3,3,3,2,1,0,<1,2,4,4,2,10,1,2,6,5,18,3,1,0,2,5,0,0,3,2,5,4,2,5,1,2,1,3,2,3,0,4,6,3,2,26,<1,0,7,0,1,2,2,9,4,2,3,3,2,2,1,3,1,2,3,2,1,1,4,1,2,1,6,1,2,2,7,6
25/10/15,0,6,2,2,4,3,2,2,0,1,1,3,3,2,5,2,1,3,4,0,4,2,15,2,5,0,17,4,4,6,5,1,11,3,2,2,3,4,4,0,4,6,3,2,0,1,16,4,0,2,2,1,5,3,4,3,4,2,3,2,4,2,2,3,2,1,1,3,2,3,1,6,2,3,2,8,6
1/11/15,0,8,2,4,6,4,4,7,7,1,4,1,8,5,5,2,2,3,6,17,6,2,14,3,5,0,18,10,5,5,5,2,10,4,3,2,3,5,9,19,5,8,5,2,0,1,0,7,6,8,3,3,5,4,3,4,6,4,4,2,6,1,3,5,3,2,2,6,3,4,1,11,2,4,3,10,7
8/11/15,32,5,2,3,4,3,3,9,7,<1,4,4,4,3,6,3,1,6,3,0,4,2,0,2,4,0,0,3,5,5,3,2,7,3,2,2,4,6,5,0,3,4,3,3,26,1,7,6,10,3,3,2,2,3,5,3,5,2,3,2,4,2,2,3,3,1,1,3,2,4,1,9,2,3,2,7,6
15/11/15,0,7,1,2,4,3,2,5,8,<1,2,3,5,7,3,1,2,3,3,17,4,1,0,2,3,20,0,3,3,7,4,2,8,3,2,1,5,4,4,0,2,5,3,2,26,<1,8,6,0,2,2,2,3,3,3,3,6,2,2,1,4,1,2,3,2,1,1,4,3,3,1,7,1,2,2,8,6
22/11/15,21,5,1,4,3,2,2,3,7,<1,3,2,3,4,10,1,2,0,7,18,4,2,14,2,2,0,0,0,2,5,3,1,7,3,2,2,5,5,6,0,3,6,4,2,25,1,0,11,0,2,2,2,2,3,4,3,6,3,2,1,4,1,2,4,2,1,1,6,2,2,1,6,2,2,2,5,7
29/11/15,0,4,1,2,3,3,2,4,7,<1,2,3,4,3,5,3,2,0,4,17,3,2,0,2,14,0,0,3,2,3,4,1,7,2,2,1,4,4,6,0,3,6,3,5,0,1,15,8,7,2,2,2,2,2,4,2,4,3,3,2,3,2,2,4,2,1,1,4,2,2,1,7,1,3,2,7,8
6/12/15,0,5,4,4,6,3,3,10,0,1,4,2,6,4,5,2,3,10,4,19,4,2,0,3,7,19,18,6,4,10,4,3,8,3,3,2,4,5,9,0,6,4,4,4,0,1,0,10,7,3,3,2,4,5,4,2,7,3,5,2,5,2,4,5,3,2,2,3,3,3,1,11,2,4,3,8,6
13/12/15,0,5,2,3,3,3,3,5,7,<1,3,4,4,2,3,3,2,7,3,18,4,2,0,2,3,0,0,3,3,6,4,2,7,3,2,2,4,14,5,0,4,3,3,3,0,1,8,10,8,3,4,3,2,4,4,3,6,3,4,1,4,1,3,3,3,3,1,4,2,3,1,11,1,3,2,9,8
20/12/15,0,6,2,3,7,4,2,5,9,<1,3,6,3,2,6,3,1,12,4,0,2,2,0,2,4,0,0,3,3,5,3,1,10,3,2,1,4,9,6,24,4,8,4,2,28,1,0,11,0,2,2,2,2,3,4,2,5,2,4,2,4,2,3,2,3,2,1,4,2,3,1,9,1,3,2,7,8
27/12/15,19,6,2,2,4,4,2,3,12,1,3,2,4,2,6,1,2,0,4,0,3,2,34,2,4,0,19,3,4,4,4,2,8,2,2,1,2,7,7,0,4,4,3,3,0,1,0,7,9,2,2,2,1,3,3,1,7,2,2,2,4,2,3,4,3,2,1,3,1,3,1,7,1,2,2,9,7
3/1/16,0,4,2,3,4,3,2,6,4,<1,2,4,4,2,6,2,1,10,4,0,3,2,0,2,4,0,16,5,4,4,3,1,9,3,2,2,4,8,3,0,4,5,4,3,0,1,0,12,7,2,1,2,2,4,5,2,7,2,3,1,4,1,2,3,3,2,1,3,2,3,1,8,2,3,2,7,7
10/1/16,0,7,2,5,4,4,3,3,6,<1,4,2,4,3,8,2,2,3,4,0,4,2,0,2,3,0,0,5,2,5,4,2,8,3,3,2,5,6,7,0,5,3,4,0,0,1,7,7,10,2,2,3,2,3,5,2,8,2,3,2,5,1,3,4,4,2,1,4,2,3,1,11,1,3,2,8,5
17/1/16,0,6,1,4,3,3,3,3,8,1,4,4,4,3,2,3,2,3,3,0,5,2,0,2,4,0,0,3,5,4,3,1,9,3,2,2,4,5,3,0,8,4,4,5,0,1,0,6,0,3,2,2,4,3,6,2,7,3,3,2,5,1,3,4,4,2,1,4,2,5,1,10,2,3,2,10,6
24/1/16,0,4,2,3,3,4,2,5,7,1,2,0,4,2,9,2,2,12,3,0,3,2,0,2,4,0,0,3,3,5,3,2,8,3,2,2,3,5,5,0,5,3,3,4,0,1,0,12,0,3,2,2,2,4,2,3,7,2,3,1,4,1,2,2,3,1,1,4,2,4,1,10,2,3,2,7,7
31/1/16,0,4,1,3,3,3,2,5,12,<1,3,2,3,2,6,2,2,3,3,0,3,2,0,2,3,0,34,11,3,5,3,2,8,2,3,2,4,4,5,0,5,7,3,0,0,<1,0,8,0,2,2,2,2,3,4,3,6,2,3,1,4,1,3,3,3,1,1,2,2,3,1,8,2,3,2,7,5
7/2/16,0,4,1,2,4,4,2,5,10,<1,3,1,4,2,3,3,2,3,4,0,4,2,0,2,4,0,0,3,3,5,3,2,8,3,2,2,5,4,3,21,4,3,3,5,0,1,0,7,0,2,2,2,2,4,4,3,6,2,2,1,4,1,2,2,3,2,1,3,1,4,1,8,1,2,2,9,4
14/2/16,17,5,1,3,3,3,2,3,0,<1,3,4,4,2,7,2,2,0,2,0,2,2,14,2,3,0,32,3,3,6,3,2,8,2,2,2,4,4,5,0,3,4,4,2,0,1,0,14,0,2,1,2,2,4,3,2,4,2,3,2,4,2,3,2,3,1,1,3,2,4,1,8,1,3,2,11,6
21/2/16,33,4,1,3,3,3,2,3,18,<1,3,3,4,2,5,2,3,0,5,0,3,2,0,2,3,0,16,0,4,5,4,1,9,2,2,3,4,5,4,0,3,5,5,2,0,1,0,14,6,2,2,3,2,4,5,2,5,2,3,1,4,2,3,2,3,1,1,3,2,3,1,8,1,3,2,7,7
28/2/16,0,4,1,3,2,3,2,4,7,<1,3,6,5,2,4,3,2,3,4,0,4,2,0,2,2,0,16,0,2,4,3,2,9,3,2,3,4,6,4,0,4,5,4,3,23,<1,13,12,6,2,2,1,2,3,4,2,5,2,2,2,4,1,2,3,4,2,1,4,2,5,1,8,2,3,2,8,6
6/3/16,19,3,1,3,4,3,2,5,7,1,4,4,4,2,3,1,3,0,3,18,3,2,0,2,3,0,0,5,3,4,3,2,9,2,2,2,4,4,4,0,4,3,4,2,0,1,0,13,6,2,1,2,2,4,3,2,4,2,2,1,4,1,3,3,4,1,1,3,2,3,1,8,2,3,2,9,6
13/3/16,0,3,1,2,4,3,2,5,5,<1,4,2,5,2,5,2,2,0,5,0,4,2,0,2,3,0,33,5,2,3,3,2,9,3,2,3,4,5,4,0,5,0,3,2,0,1,7,13,6,2,1,2,2,3,3,2,5,2,3,1,4,1,2,2,4,1,1,4,2,4,1,9,1,2,2,11,6
20/3/16,0,3,1,2,2,4,2,5,4,1,2,1,4,2,8,1,2,0,4,0,3,2,0,2,3,22,0,0,3,4,3,2,9,2,2,2,5,3,7,0,5,11,5,2,24,1,10,8,0,2,1,1,1,3,9,2,5,2,3,2,4,1,3,4,3,1,1,3,1,3,<1,7,1,2,2,12,7
27/3/16,0,3,1,3,3,3,2,3,8,<1,3,2,3,2,5,1,3,0,6,0,3,2,0,2,2,0,0,3,3,4,3,2,8,2,2,2,4,4,3,0,4,6,3,4,24,1,0,13,6,2,2,3,3,3,3,2,6,2,4,2,3,1,2,2,3,2,1,4,1,4,1,7,2,2,2,11,6
3/4/16,0,5,1,2,2,3,2,2,4,1,3,2,3,3,5,3,2,6,4,0,2,2,0,2,3,0,16,5,4,5,3,2,8,2,2,2,4,4,4,0,4,3,4,3,24,1,7,13,0,1,2,2,2,3,5,2,5,2,3,1,3,1,2,2,4,1,1,3,2,4,1,7,1,2,2,9,7
10/4/16,0,3,1,2,3,4,1,5,7,1,2,1,3,2,5,3,2,0,4,0,3,2,0,2,4,0,16,3,3,5,3,2,8,2,2,2,3,3,4,19,4,5,3,2,25,<1,14,15,6,1,1,2,1,4,2,3,5,2,3,2,4,1,2,2,5,1,1,3,1,3,1,6,2,2,2,9,7
17/4/16,0,4,1,2,3,3,1,4,4,1,2,2,4,2,6,2,2,7,4,19,3,2,0,2,3,0,0,5,4,4,3,2,7,3,2,2,3,3,4,0,3,3,4,0,0,1,7,11,6,2,2,2,2,3,3,2,5,3,3,1,4,2,2,3,4,1,1,3,2,4,1,8,2,2,2,9,6
24/4/16,0,4,1,2,3,4,2,3,4,1,4,1,4,3,9,2,3,0,4,0,3,2,0,2,3,0,0,3,3,5,4,2,8,4,2,2,4,5,5,19,4,4,6,4,24,1,0,13,6,2,1,2,2,4,3,4,5,3,4,2,4,2,3,4,6,1,1,4,2,3,1,8,1,3,2,8,6
1/5/16,23,4,3,3,4,4,3,9,7,1,6,5,7,5,9,6,3,9,5,0,5,3,0,3,8,0,17,3,7,7,5,3,8,5,3,3,5,9,4,0,4,6,7,6,25,1,13,12,7,3,5,4,4,3,11,3,7,3,7,2,5,2,4,4,6,3,2,4,2,5,1,9,3,7,2,11,6
8/5/16,22,4,2,3,4,4,2,6,4,1,3,4,5,2,4,2,3,3,4,0,3,2,0,2,4,0,17,3,3,4,4,2,8,2,2,2,4,6,3,19,4,6,7,3,0,1,0,19,6,2,2,2,2,3,6,3,5,3,3,2,4,1,3,4,5,2,1,3,2,5,1,8,2,3,2,9,7
15/5/16,27,4,1,2,3,3,2,7,9,1,4,3,4,3,5,3,3,3,4,0,2,2,0,2,2,0,0,3,4,3,4,2,8,2,2,2,5,5,3,21,3,9,6,3,24,1,0,17,0,2,2,4,2,3,8,3,7,2,4,1,4,1,3,3,5,1,1,3,3,4,1,8,1,2,2,8,7
22/5/16,0,3,2,3,3,4,2,5,4,1,3,2,7,2,6,2,3,3,3,0,3,2,0,2,3,0,17,3,3,4,4,3,8,2,2,3,4,6,5,0,5,3,7,4,0,1,0,14,6,2,2,4,2,3,4,2,6,3,5,2,4,2,3,4,5,2,1,3,2,4,1,6,2,2,2,11,6
29/5/16,0,5,2,3,4,4,3,6,7,1,3,3,8,3,8,3,3,3,3,0,4,2,13,3,5,0,17,3,5,5,5,3,9,5,3,3,4,7,7,19,3,4,10,2,24,1,7,21,13,3,3,2,4,4,4,3,6,3,3,2,5,3,4,3,6,2,1,5,2,5,1,8,3,3,2,12,8
5/6/16,23,5,2,3,3,4,2,7,10,1,3,4,9,3,9,4,7,6,2,0,4,2,0,2,3,19,16,3,5,7,5,2,10,3,2,2,5,6,5,0,3,5,9,3,47,1,7,16,0,2,2,3,4,4,7,3,7,3,4,1,4,2,3,4,5,1,2,4,1,6,1,8,2,3,2,13,8
12/6/16,0,6,3,4,5,6,4,6,7,2,3,5,8,3,8,6,6,6,6,18,5,3,0,3,3,0,0,3,6,8,7,2,11,5,3,4,4,11,9,0,6,6,14,3,24,1,7,18,12,4,4,3,3,7,8,4,10,3,4,2,6,2,5,5,6,3,2,6,3,6,1,11,3,4,4,14,11
19/6/16,0,6,2,5,5,6,3,6,10,1,5,1,10,3,10,2,6,3,7,0,7,3,0,3,4,0,0,3,6,5,9,3,10,5,3,3,4,9,4,0,6,8,16,4,0,1,7,21,16,3,3,4,3,6,9,4,9,5,4,2,6,2,5,5,7,2,2,5,3,7,1,10,3,5,4,13,11
26/6/16,0,6,2,3,4,6,3,7,11,1,4,3,7,2,8,3,4,0,5,0,3,2,0,2,4,0,16,3,3,5,9,3,8,4,2,3,5,7,6,0,5,5,12,5,0,1,7,17,6,3,3,4,3,5,8,3,7,3,5,2,4,2,4,4,5,3,1,3,3,6,1,9,2,4,3,11,10
3/7/16,26,5,2,3,3,4,3,3,10,1,3,3,13,3,9,3,3,3,5,0,5,2,0,2,4,0,17,3,3,6,7,2,8,3,2,3,3,6,7,0,3,6,11,3,25,1,14,12,6,2,3,4,3,4,4,3,7,3,2,2,4,1,5,3,5,2,1,4,2,6,1,10,2,4,3,13,11
10/7/16,0,5,2,2,3,4,2,5,4,1,3,1,5,3,5,5,2,0,6,0,4,2,17,2,3,0,20,3,6,6,7,3,8,2,2,2,5,5,5,0,5,6,10,6,0,1,6,8,0,2,3,4,2,3,4,3,5,2,3,1,4,2,3,2,5,2,1,3,1,5,1,10,1,3,2,13,10
17/7/16,0,5,1,2,2,3,2,6,8,1,3,1,4,2,10,2,3,5,3,0,4,2,0,2,3,0,19,4,4,4,5,2,6,2,2,2,4,5,5,0,3,3,10,3,0,1,10,9,0,1,2,4,2,2,4,2,4,2,3,1,4,2,2,2,4,2,1,3,2,4,<1,7,1,2,2,11,10
24/7/16,0,5,2,3,3,4,2,4,5,1,2,0,5,1,12,6,3,3,3,0,3,1,0,2,3,0,0,7,2,3,5,2,6,3,2,1,4,6,3,0,5,3,9,2,27,1,19,5,0,2,2,5,1,3,2,5,5,2,3,2,4,1,3,4,4,1,1,3,2,4,1,7,1,2,2,11,11
31/7/16,24,5,2,4,3,4,3,7,7,2,<1,4,6,2,9,5,4,7,3,0,4,3,18,3,3,0,0,3,4,6,7,2,7,3,3,2,6,7,6,0,5,5,12,3,0,1,0,10,0,3,2,5,3,4,4,3,6,3,2,1,5,2,4,4,5,2,1,4,2,6,1,8,2,4,3,15,14
7/8/16,0,3,1,3,3,3,2,6,8,1,2,2,4,2,8,4,4,3,4,21,3,2,0,2,4,0,30,3,4,6,11,1,7,3,2,2,5,7,3,0,3,4,9,4,0,1,6,11,6,1,2,5,1,4,3,2,4,2,2,1,5,1,3,2,4,1,1,3,1,4,1,7,1,2,2,13,12
14/8/16,27,4,1,2,2,3,1,5,7,1,2,2,5,2,6,5,3,3,3,0,3,1,19,2,3,0,21,0,3,4,9,1,6,2,2,2,4,3,5,0,4,8,11,3,0,1,19,7,6,1,2,5,1,3,4,2,5,2,3,1,5,2,2,4,4,2,1,3,2,3,1,6,2,2,2,10,11
21/8/16,0,2,1,2,3,3,2,2,6,1,3,2,4,1,9,7,2,3,4,0,3,2,0,2,2,0,20,3,3,3,10,2,7,2,2,2,2,5,4,48,4,7,10,2,0,1,6,9,7,2,2,6,2,3,5,4,6,2,3,1,4,2,2,3,4,2,1,2,2,4,1,7,1,2,2,11,11
28/8/16,0,5,1,3,3,3,2,5,3,1,2,1,3,1,10,2,3,3,4,0,4,1,16,2,2,0,0,3,3,4,8,1,7,2,2,2,3,5,5,0,3,8,9,3,0,1,0,6,0,1,2,5,2,4,7,3,4,2,3,1,4,2,3,4,3,1,1,3,2,5,1,7,2,2,2,11,12
4/9/16,0,3,1,2,3,3,2,3,6,1,1,1,4,1,7,4,4,0,4,18,3,1,0,2,3,20,18,3,3,4,8,2,7,2,2,2,3,5,3,0,3,3,10,2,0,1,0,12,0,2,2,7,2,4,7,4,4,2,4,2,4,2,2,4,4,1,1,3,2,5,1,7,2,2,2,11,14
11/9/16,23,4,1,3,2,4,2,4,5,2,2,3,4,2,7,4,3,0,3,0,4,2,0,2,2,29,20,3,3,5,8,1,6,3,2,2,4,6,3,23,3,5,8,2,0,1,7,9,0,2,2,8,2,4,6,4,5,2,3,2,4,2,3,3,4,1,1,3,1,4,1,7,2,2,2,11,12
18/9/16,0,6,1,3,2,3,2,3,5,2,4,3,5,2,8,5,2,0,3,0,2,2,16,2,2,20,0,3,2,5,7,1,7,2,2,2,4,4,4,23,3,4,8,4,28,1,0,7,6,2,2,8,2,4,5,4,4,2,3,2,4,1,3,4,3,2,1,2,1,4,1,7,2,2,2,10,11
25/9/16,0,5,1,2,2,3,2,3,3,2,3,3,5,3,7,3,3,8,3,21,2,2,0,2,2,19,18,0,4,4,5,2,6,1,2,4,5,4,4,22,3,3,8,5,27,1,0,6,9,2,2,12,2,4,3,4,5,2,4,1,4,2,2,3,3,2,1,2,1,5,1,7,2,2,2,11,11
2/10/16,0,5,1,2,3,3,2,5,4,1,3,3,3,2,14,4,3,8,2,0,3,2,16,2,3,20,0,3,3,3,4,2,7,3,2,2,2,5,2,0,4,6,7,2,0,1,7,8,0,2,1,18,2,4,2,4,5,2,2,1,4,2,3,3,3,1,1,3,2,4,1,6,2,3,2,11,10
9/10/16,0,4,1,2,3,3,2,4,6,2,2,5,3,2,8,3,3,6,3,0,3,2,0,2,4,0,20,0,3,5,4,3,6,2,3,4,3,5,5,22,3,10,6,3,0,1,0,10,6,2,2,21,1,4,4,5,6,2,2,2,4,2,2,6,3,2,1,2,2,4,1,7,1,3,2,13,11
16/10/16,0,2,1,4,3,3,2,4,4,2,2,4,4,1,13,5,3,3,1,0,3,2,0,2,2,0,0,7,3,4,4,2,6,2,2,3,3,5,4,22,3,6,5,7,0,1,0,5,6,2,1,18,2,4,5,5,5,2,2,2,4,2,2,3,4,2,1,3,1,4,1,5,2,3,2,12,9
23/10/16,0,4,1,3,4,4,2,1,7,2,3,4,6,2,9,4,4,0,5,21,3,2,0,2,3,20,0,0,5,5,5,1,7,3,3,4,4,7,4,0,5,6,6,6,29,1,16,7,12,2,1,24,2,5,3,5,5,3,3,2,4,3,3,2,4,2,1,3,3,7,1,7,2,3,2,11,9
30/10/16,0,6,2,3,3,4,2,7,6,2,3,4,4,2,9,6,4,7,6,0,4,2,0,2,3,18,0,3,3,7,6,2,7,2,2,4,6,8,5,23,5,6,8,2,56,1,8,11,0,2,2,29,3,6,9,5,8,4,3,2,5,1,3,4,3,2,1,3,3,7,1,10,3,3,2,17,9
6/11/16,0,3,2,3,4,4,2,4,4,2,3,3,5,2,9,4,4,3,2,0,4,2,0,2,4,0,19,6,5,5,7,2,8,3,2,3,5,4,4,0,5,3,6,2,0,1,7,7,6,2,2,32,2,5,7,7,6,3,3,2,4,2,4,4,4,2,1,3,2,7,1,9,3,3,2,11,8
13/11/16,0,6,1,4,4,4,2,3,6,2,4,2,5,2,9,2,4,5,5,0,3,2,0,2,3,20,19,0,4,7,6,2,7,2,3,3,4,6,4,0,3,4,7,4,0,1,8,11,9,2,2,46,2,5,11,4,6,3,3,2,5,2,3,4,4,2,1,3,2,6,1,9,2,3,2,14,9
20/11/16,0,6,2,4,3,4,2,3,4,2,4,4,5,1,9,3,4,8,5,0,3,2,0,2,4,43,0,3,5,4,6,2,7,4,3,4,4,8,8,0,3,4,6,4,0,1,8,9,6,2,1,50,2,6,3,3,6,3,2,2,4,2,3,3,3,2,1,3,2,6,1,8,2,3,2,13,10
27/11/16,0,3,2,3,3,4,2,5,6,2,3,2,6,3,8,6,4,3,4,0,5,2,15,2,4,0,17,3,4,6,6,2,7,3,3,4,4,6,4,21,7,4,8,4,26,1,0,11,8,2,2,49,3,6,7,4,7,3,3,2,4,3,5,4,3,2,1,4,2,6,1,7,2,3,2,15,10
4/12/16,0,4,2,3,3,4,2,3,8,2,4,4,5,2,6,4,3,3,3,0,3,2,0,2,2,0,17,3,4,5,4,2,6,3,3,4,4,7,4,0,4,6,6,4,26,1,7,11,9,2,2,48,2,5,6,6,6,3,3,2,4,2,2,3,3,1,1,3,2,6,1,7,2,3,2,15,7
11/12/16,22,5,2,3,2,4,2,3,3,3,4,4,5,2,9,4,4,3,4,22,4,2,0,2,3,0,0,6,2,5,5,2,6,3,3,4,3,5,5,0,5,4,6,2,27,1,0,13,7,2,2,42,2,5,6,5,6,3,3,1,4,2,3,4,3,1,1,3,2,6,1,7,2,3,2,13,6
18/12/16,0,5,2,5,4,6,3,6,10,3,4,3,6,3,14,6,6,4,5,0,4,2,0,2,3,0,19,3,7,6,6,3,6,3,3,7,6,7,6,0,7,8,8,3,0,1,16,14,8,2,3,45,3,7,8,4,6,5,4,2,5,2,5,4,4,2,1,4,3,8,1,9,4,4,3,15,6
25/12/16,0,9,2,6,5,8,3,5,9,4,3,5,7,2,16,5,6,8,6,0,6,3,0,3,4,0,0,3,8,6,6,3,8,5,4,6,6,10,6,0,7,7,9,3,0,1,8,13,9,3,3,43,3,8,4,7,8,4,4,1,5,3,6,6,4,3,2,4,3,8,2,11,4,4,3,18,7
1/1/17,30,12,4,9,8,8,5,12,10,4,6,7,11,6,23,6,8,10,7,0,8,4,0,5,7,19,18,10,9,11,9,5,10,6,5,11,8,15,11,25,9,7,13,6,0,2,30,16,8,7,6,52,4,11,11,8,9,8,6,3,6,4,9,8,7,4,2,9,6,11,2,15,4,7,5,29,11
8/1/17,18,6,3,7,5,8,4,3,14,4,5,7,9,5,13,4,4,5,6,0,8,3,0,6,4,19,0,9,9,6,8,3,8,5,4,10,6,11,8,0,9,9,10,10,38,2,7,22,9,5,4,52,4,11,6,5,8,5,6,2,7,3,6,6,5,3,2,6,5,10,2,13,4,5,4,25,8
15/1/17,0,8,2,6,4,6,3,5,10,4,6,5,7,3,14,7,5,13,4,0,4,2,0,3,4,0,0,4,5,7,7,3,8,4,4,7,6,9,6,0,5,5,7,3,25,1,11,14,0,3,3,36,4,8,5,6,7,4,5,2,6,3,4,4,4,3,1,4,3,8,2,12,4,4,3,20,7
22/1/17,17,7,2,5,3,5,3,6,6,3,3,6,6,3,10,9,4,5,3,19,3,2,0,3,4,0,17,0,6,5,7,2,7,4,4,7,6,9,5,20,6,8,7,3,25,2,7,12,6,3,3,29,3,8,7,6,7,3,4,2,6,3,4,4,4,2,1,4,2,8,1,10,2,4,3,20,5
29/1/17,18,9,2,5,5,6,3,9,6,4,5,4,6,3,8,9,4,9,5,0,5,2,15,3,4,17,16,0,5,5,8,2,9,3,3,7,5,10,3,0,6,4,8,3,0,2,14,12,6,3,3,27,2,7,10,7,7,4,3,2,6,4,4,6,5,3,2,4,2,7,2,10,3,4,3,27,5
5/2/17,0,8,3,5,4,6,4,6,7,4,4,7,6,3,11,7,3,10,8,0,6,3,0,3,3,0,0,7,6,7,8,3,9,4,3,6,6,11,10,20,5,7,10,3,0,2,15,16,0,3,4,24,4,8,9,7,8,5,4,2,5,2,5,5,4,3,2,4,2,9,2,10,3,4,3,23,7
12/2/17,36,6,2,6,3,6,3,6,7,4,2,6,8,3,14,8,5,6,6,0,4,3,0,3,4,0,17,6,5,6,7,3,8,4,3,6,5,13,5,0,3,8,7,2,50,2,11,9,0,2,3,21,4,8,10,9,8,4,3,2,6,3,4,4,4,3,1,4,2,6,2,8,3,4,3,19,7
19/2/17,19,7,3,7,5,5,4,7,14,5,3,5,9,4,16,10,5,4,5,0,5,2,0,4,4,0,0,5,6,8,9,2,9,5,4,6,6,9,6,0,6,4,9,7,0,2,7,15,8,3,4,23,4,10,5,8,9,5,5,2,6,4,5,4,5,3,2,5,3,9,2,10,3,5,3,21,7
26/2/17,0,7,3,8,6,7,5,10,6,5,5,5,9,4,19,9,5,4,6,0,7,3,0,4,7,19,0,6,6,10,11,3,10,6,3,7,10,15,8,0,9,6,10,8,53,2,14,16,11,3,4,21,4,10,10,8,11,6,6,3,7,4,6,8,5,3,2,5,4,10,3,13,4,6,4,23,9
5/3/17,0,12,4,12,7,7,5,10,12,6,6,5,10,5,16,13,4,8,7,20,6,4,0,6,6,0,23,7,8,9,11,3,11,7,5,8,9,13,8,20,10,7,12,7,23,3,10,17,11,5,5,19,4,12,17,9,11,6,5,3,7,3,6,7,6,4,3,7,5,11,2,12,3,6,4,21,9
12/3/17,19,13,3,8,6,6,4,12,15,7,4,6,7,4,17,13,5,3,8,0,4,3,0,4,4,0,21,6,6,7,10,3,10,4,4,7,5,7,6,30,6,6,11,9,25,2,7,14,6,4,4,17,4,11,9,11,9,5,5,3,7,3,6,6,5,4,2,5,4,11,3,11,3,5,4,20,9
19/3/17,18,12,3,7,5,7,4,9,9,5,5,5,7,5,17,15,6,3,7,0,4,3,0,5,4,18,17,4,6,7,12,4,9,4,4,6,5,16,6,19,7,4,10,8,26,2,0,15,6,4,5,17,3,11,8,6,10,5,5,3,6,4,5,6,5,4,2,4,4,9,2,10,3,5,4,18,9
26/3/17,20,8,3,8,5,6,4,6,4,4,6,3,5,3,15,12,4,9,4,0,4,3,15,3,5,20,0,6,5,7,10,3,11,4,3,5,7,10,5,21,7,4,10,11,26,2,12,13,0,3,4,18,3,9,8,9,10,4,5,2,6,3,4,4,6,4,2,4,3,10,2,10,3,4,3,16,10
2/4/17,19,10,2,5,4,7,4,9,12,5,3,2,6,3,16,14,4,0,5,21,5,3,0,3,3,0,33,5,6,6,10,3,11,4,4,10,6,11,4,0,7,8,10,8,26,2,0,13,11,3,4,14,3,10,3,8,9,4,4,2,6,4,4,5,5,3,2,3,3,12,2,11,2,4,3,18,9
9/4/17,20,10,2,5,4,7,3,6,11,6,5,5,6,3,17,15,5,3,5,0,4,3,0,3,4,0,17,6,5,7,9,2,11,4,3,6,8,9,6,0,4,4,10,9,39,2,8,10,10,3,2,15,3,10,12,7,9,4,4,2,7,3,4,6,5,4,1,3,3,15,2,11,3,4,3,18,9
16/4/17,24,10,3,6,5,8,3,6,9,5,3,4,7,3,25,15,4,3,6,0,5,2,0,4,4,18,17,5,5,7,8,3,10,4,3,6,5,6,7,0,6,7,9,10,25,2,7,8,12,3,4,15,3,8,5,8,10,5,4,2,7,3,3,5,5,3,2,4,3,14,2,10,3,4,3,18,10
23/4/17,0,10,3,6,4,8,4,11,6,7,3,5,4,3,26,19,5,0,7,0,3,3,15,3,3,0,32,4,5,6,9,3,10,4,3,6,8,11,8,0,9,6,12,9,49,2,15,13,6,3,5,14,5,11,9,10,10,4,4,2,7,2,5,4,5,4,2,4,3,14,2,11,4,4,3,20,8
30/4/17,0,11,5,9,7,12,6,15,8,9,6,7,8,5,28,27,5,4,6,0,5,4,16,5,6,17,0,6,10,12,12,4,13,6,4,7,8,13,8,0,7,6,17,4,50,3,8,13,13,6,6,17,4,14,9,13,11,6,7,3,8,3,6,7,8,5,3,5,4,16,3,17,4,6,5,22,12
7/5/17,21,18,7,12,9,15,8,21,12,12,6,7,12,6,51,28,8,13,8,20,7,5,0,7,6,0,16,12,12,12,15,3,16,8,7,12,7,20,13,0,10,12,17,9,37,4,18,17,12,8,12,18,6,18,17,16,14,8,11,4,10,8,9,12,9,7,6,9,6,20,3,18,6,10,6,21,17
14/5/17,23,23,7,11,14,22,9,26,17,13,8,6,13,9,34,31,7,10,8,22,7,6,0,7,7,19,38,9,28,13,22,4,24,10,8,12,10,23,11,22,10,11,23,7,0,4,8,23,11,8,11,16,8,19,16,19,14,7,9,6,11,8,12,9,9,10,6,8,8,23,4,15,12,10,7,21,19
21/5/17,34,32,17,23,20,28,17,30,20,18,12,20,24,15,57,44,9,8,16,23,15,8,16,12,14,100,20,9,40,23,27,6,29,18,10,25,14,37,19,24,17,19,34,18,0,5,17,29,21,16,19,22,21,34,28,20,24,15,14,7,18,11,21,24,18,21,7,15,16,28,10,27,14,17,14,30,29
28/5/17,23,25,11,15,12,19,11,19,20,14,12,10,16,7,46,31,6,10,14,22,10,6,15,8,8,40,0,12,23,15,18,5,23,12,7,17,13,39,12,23,12,13,23,6,27,4,17,20,21,10,12,22,10,24,23,16,18,9,9,6,14,8,14,13,13,15,5,11,10,26,6,20,10,11,9,24,19
4/6/17,25,21,9,17,13,14,11,20,18,13,11,16,15,9,39,32,6,10,15,0,13,5,16,9,9,29,0,12,19,16,17,4,19,11,7,15,15,42,15,23,13,15,22,10,35,4,8,20,7,12,14,18,12,20,22,14,19,10,11,6,17,7,14,17,13,12,5,10,10,32,6,22,11,11,9,24,19
11/6/17,36,18,10,17,18,14,12,18,15,11,14,10,18,9,36,31,9,13,14,0,11,6,0,10,11,22,19,8,20,21,18,5,20,14,7,16,19,30,18,24,18,14,24,15,27,3,24,26,0,14,15,19,13,19,26,15,20,12,11,7,19,8,15,17,14,19,6,14,10,41,6,27,12,13,10,26,29
18/6/17,48,31,8,15,11,14,9,15,18,10,11,11,14,8,38,34,7,23,14,0,10,5,16,8,7,23,18,7,20,23,15,3,18,10,5,12,21,27,15,21,14,12,21,12,26,3,0,19,13,9,11,18,11,15,15,18,19,10,8,5,26,7,13,13,11,17,5,8,7,36,6,27,9,9,8,28,29
25/6/17,23,18,9,16,12,15,9,20,16,7,10,13,13,9,41,29,5,10,22,23,12,6,0,9,8,0,18,10,19,18,15,5,21,11,7,10,22,34,22,43,16,17,24,9,26,3,8,19,19,10,10,17,10,13,23,20,21,13,10,5,29,8,14,15,10,15,6,7,9,35,8,36,9,10,7,22,27
2/7/17,25,18,7,15,7,12,7,14,14,6,10,12,11,6,34,18,4,14,16,0,7,4,17,7,10,0,18,9,15,18,13,4,18,8,7,8,17,35,10,0,9,7,24,8,26,3,37,20,14,7,10,15,6,12,12,17,19,10,9,5,21,6,11,10,10,10,5,7,8,28,6,23,8,8,5,20,23
9/7/17,41,17,8,18,10,13,8,5,11,7,8,10,13,7,27,13,4,19,16,0,11,5,19,9,11,21,39,17,21,15,16,4,31,9,7,11,17,24,15,34,13,7,28,12,27,3,15,18,11,7,11,17,8,13,17,10,19,10,10,5,19,7,14,14,10,10,6,7,11,29,5,24,8,9,6,23,22
16/7/17,23,22,10,17,12,16,9,18,14,7,12,13,15,9,32,15,7,7,18,0,11,7,39,9,10,61,20,10,20,19,17,5,27,13,8,16,20,36,17,46,11,13,29,12,0,3,16,19,23,10,10,16,10,15,15,13,22,12,12,6,21,8,14,14,13,12,5,8,11,31,5,30,12,11,8,22,24
23/7/17,0,22,9,16,12,13,9,16,12,5,11,15,17,10,27,16,6,10,13,22,11,5,19,8,12,47,19,7,21,16,16,5,23,9,8,12,19,24,18,20,11,11,24,19,28,3,19,15,10,9,10,16,9,14,14,15,21,11,10,6,22,7,13,11,12,8,5,9,8,24,4,28,10,10,7,19,26
30/7/17,45,23,13,20,14,16,12,21,20,5,13,15,22,10,22,15,7,11,17,0,13,7,0,11,10,0,18,7,18,21,17,4,27,12,11,24,23,25,14,22,13,12,25,13,65,3,15,16,10,12,12,17,11,14,20,14,22,11,9,6,21,7,18,16,14,9,6,12,14,23,6,27,11,14,9,25,24
6/8/17,32,20,14,20,14,16,12,17,27,6,12,19,22,11,26,18,8,6,15,22,14,6,41,11,13,18,18,10,24,21,20,4,29,14,10,13,22,17,14,28,17,11,30,8,54,3,18,20,16,12,13,18,12,19,16,11,24,11,11,6,21,7,15,21,16,10,6,13,11,27,7,29,13,15,10,23,22
13/8/17,0,26,19,26,18,24,18,24,24,7,19,19,29,15,40,20,15,14,34,42,23,9,42,15,16,18,28,10,32,30,25,9,35,18,14,19,32,36,24,56,18,13,39,20,36,4,40,23,12,18,21,19,17,27,25,15,29,16,13,9,31,17,20,21,23,11,8,17,20,27,10,43,19,19,13,31,29
20/8/17,21,25,14,24,16,23,14,22,11,7,16,21,22,13,30,19,13,12,17,42,16,7,0,12,15,33,18,13,23,25,25,7,30,15,12,18,27,33,17,19,22,17,29,13,54,3,13,23,23,14,18,18,13,23,20,15,28,12,10,6,20,13,16,18,18,12,6,17,14,23,7,29,15,14,10,32,25
27/8/17,28,25,15,22,16,29,14,16,25,6,14,24,21,15,21,20,8,16,19,0,18,8,0,15,15,33,0,12,29,31,32,8,26,16,13,21,29,32,21,27,21,23,27,20,25,3,33,15,19,14,17,19,15,26,18,15,25,11,14,7,25,12,20,16,19,12,6,17,14,21,8,36,13,15,11,29,27
3/9/17,36,23,19,28,17,28,14,22,39,6,19,15,21,14,17,17,11,9,16,0,14,7,0,16,17,25,16,13,39,23,30,7,30,21,18,24,29,29,17,50,20,22,31,24,25,3,14,22,13,14,18,21,16,27,9,15,31,12,14,7,24,11,24,17,20,14,7,18,19,23,8,32,21,18,10,33,31
10/9/17,45,27,21,34,21,28,17,25,40,6,14,23,29,15,16,17,12,7,20,39,22,9,18,17,15,23,27,18,41,34,39,8,35,21,19,29,25,38,24,48,24,32,40,29,53,4,21,24,15,16,19,21,17,28,28,17,32,16,15,8,26,14,27,24,24,15,8,18,21,25,10,34,23,20,13,39,32
17/9/17,22,21,15,23,16,23,12,28,16,4,14,18,19,13,23,19,9,8,18,0,13,7,0,12,12,0,0,12,30,21,26,5,27,14,15,20,17,34,14,31,20,17,32,16,0,3,19,20,17,12,16,18,13,23,20,18,30,11,11,6,19,10,19,15,21,10,6,15,15,22,12,24,17,14,9,33,28
24/9/17,20,14,12,18,12,18,10,15,18,4,11,16,14,11,26,14,8,11,17,19,11,5,0,9,12,17,19,21,24,21,22,5,26,12,12,17,17,30,15,39,18,12,26,18,26,3,15,21,15,10,13,19,13,21,27,16,28,8,10,5,16,10,14,14,16,10,4,13,12,20,7,21,13,12,8,31,22
1/10/17,0,17,11,17,13,17,9,10,28,4,11,11,16,8,18,13,9,16,13,0,10,5,17,10,13,17,19,11,19,19,22,6,25,10,13,14,17,32,16,0,13,10,28,17,0,2,24,14,26,11,14,19,11,18,11,13,23,8,10,6,18,10,15,13,16,9,4,13,12,18,7,20,13,12,7,28,21
8/10/17,19,23,20,23,23,21,16,26,16,5,15,29,19,18,25,16,9,17,19,23,15,16,18,15,14,0,55,15,29,25,27,8,29,20,17,20,22,34,20,21,22,25,37,21,26,3,16,25,25,16,23,21,17,24,21,16,35,12,14,8,22,14,20,21,23,13,6,21,18,24,14,26,24,21,12,32,28
15/10/17,42,25,21,27,25,21,16,24,22,5,17,27,23,16,36,19,11,16,16,20,16,13,20,15,14,47,44,24,23,29,27,12,34,17,18,19,22,34,19,20,24,22,37,24,26,4,16,20,30,16,21,23,20,28,24,17,41,13,12,8,21,15,22,21,25,14,6,21,18,24,11,28,23,21,12,44,27
22/10/17,21,22,23,27,22,25,17,26,28,5,21,25,26,18,35,18,11,33,17,64,19,13,0,16,16,0,18,27,26,25,29,11,30,20,18,21,22,28,19,38,24,17,36,27,50,4,24,29,27,21,23,23,21,31,21,19,39,13,15,8,24,13,24,22,27,15,7,20,21,29,10,31,27,20,13,42,35
29/10/17,35,30,32,38,30,27,25,26,25,6,24,31,32,29,34,19,13,9,31,17,29,14,0,21,19,0,18,28,33,30,37,14,35,27,23,25,25,44,40,32,41,30,39,24,25,5,35,32,21,30,33,25,34,34,24,23,43,18,17,10,27,16,29,27,36,17,9,26,27,28,16,35,29,28,18,38,41
5/11/17,20,37,33,37,32,28,27,29,25,6,21,35,35,26,32,18,10,27,24,26,31,15,13,24,21,41,0,29,33,31,33,21,38,29,26,27,26,42,30,39,34,32,42,50,36,5,33,31,27,36,29,26,28,37,29,18,44,18,19,10,28,17,32,30,38,18,10,28,29,30,17,36,28,30,19,45,35
12/11/17,53,35,38,36,31,26,30,36,42,7,21,31,32,29,29,21,15,20,31,33,26,14,14,22,16,18,28,38,45,35,33,18,41,29,25,29,29,52,29,62,39,23,46,38,24,5,25,34,25,29,33,29,27,38,35,20,43,17,21,9,34,19,36,29,38,26,11,28,29,30,23,37,31,30,20,43,44
19/11/17,41,37,33,40,32,25,25,34,33,6,24,27,30,23,46,23,12,10,33,16,26,14,14,22,18,27,45,27,37,28,34,15,44,28,22,26,21,51,26,43,34,32,42,34,25,4,11,59,51,26,32,26,23,33,30,23,45,17,21,11,28,19,33,31,34,24,10,27,27,27,21,33,30,28,19,46,41
26/11/17,65,64,72,77,69,47,60,58,50,9,47,64,67,67,60,25,22,21,59,81,55,31,20,44,36,18,45,58,77,64,80,34,68,67,42,58,67,75,72,43,65,77,75,76,55,8,75,70,78,71,56,39,52,58,57,29,72,37,42,19,73,41,70,65,63,43,20,63,67,46,43,72,58,66,51,55,69
3/12/17,100,100,100,88,92,61,99,95,68,14,77,80,95,83,99,40,36,53,92,64,90,41,26,59,49,28,80,100,92,88,98,52,97,93,54,76,76,100,91,87,97,100,93,93,81,11,84,70,74,80,100,56,81,82,100,41,100,45,56,30,95,55,90,88,80,87,27,88,86,66,53,90,86,100,76,100,91
10/12/17,49,90,93,85,73,67,91,100,79,13,99,69,89,85,90,47,45,44,88,100,86,38,13,53,58,18,47,96,92,77,96,53,89,84,74,69,73,84,72,54,91,82,90,85,51,11,100,61,56,66,90,57,78,82,96,50,94,48,50,30,81,59,82,92,80,100,32,95,81,65,67,80,88,84,69,97,97
17/12/17,88,100,96,99,97,100,100,91,100,14,100,100,100,100,100,43,45,38,100,60,100,52,15,70,57,60,55,76,100,100,100,48,97,100,63,87,100,85,100,84,100,92,100,100,62,13,98,89,85,100,91,56,100,100,87,43,97,64,60,36,100,59,100,100,100,86,30,100,100,69,69,100,100,94,78,82,96
24/12/17,75,77,63,75,61,59,62,85,49,11,61,45,77,61,86,33,24,23,69,37,60,38,31,45,43,23,57,52,68,86,74,31,96,63,46,67,55,58,69,59,87,62,75,70,27,10,38,58,71,65,62,46,60,75,58,31,70,48,43,28,69,39,67,82,72,63,23,66,59,57,47,75,64,57,47,82,81
31/12/17,77,51,46,54,50,46,47,62,56,10,47,44,51,40,66,27,31,19,57,34,47,27,15,32,35,42,29,65,59,64,52,24,100,45,35,52,45,54,57,77,60,49,61,54,57,9,63,47,60,47,42,41,46,61,55,36,67,32,32,24,41,33,51,57,52,60,18,48,41,52,37,54,49,48,36,91,63
7/1/18,58,47,48,54,53,43,45,57,37,9,46,45,46,41,70,26,19,28,46,31,35,28,0,32,30,18,17,54,57,54,45,26,96,43,34,62,37,59,54,40,54,61,55,46,78,9,63,45,53,49,49,39,40,57,45,31,63,30,32,27,42,30,52,55,47,100,19,49,44,55,32,51,49,47,34,89,58
14/1/18,75,63,60,76,62,45,60,80,72,10,53,49,62,43,55,29,20,19,67,26,50,31,19,41,34,19,48,28,75,77,57,24,95,54,37,100,46,68,55,41,69,51,69,54,47,10,48,48,57,62,52,37,45,67,53,39,63,42,35,27,58,38,62,65,63,96,23,56,54,65,35,65,55,54,43,81,81
21/1/18,38,59,36,46,40,33,38,59,43,8,32,29,38,31,48,25,14,19,45,25,36,20,25,28,25,37,22,25,48,57,37,19,75,37,25,91,36,54,41,28,39,54,51,37,34,8,43,34,51,36,34,30,26,48,41,32,48,27,28,19,38,30,44,40,42,50,16,38,33,48,25,48,39,38,28,63,43
28/1/18,24,57,39,49,41,36,42,60,43,8,44,30,43,30,39,26,16,26,43,0,33,20,0,29,24,18,26,31,59,48,41,19,68,35,26,87,39,44,42,100,49,54,48,40,58,7,52,35,59,38,35,30,26,46,50,39,46,27,25,18,39,29,44,43,45,45,15,35,38,50,28,49,40,39,30,63,46
4/2/18,64,63,50,64,50,36,50,71,72,9,47,45,61,31,39,28,20,13,59,33,47,23,20,33,26,27,32,28,67,64,43,19,71,52,29,68,45,53,60,56,71,58,70,44,63,8,44,40,33,45,43,34,33,68,60,37,49,40,29,24,54,36,60,62,54,42,17,45,48,54,36,64,55,49,36,64,63
11/2/18,25,40,27,39,28,26,27,37,32,6,26,23,33,18,36,22,13,7,22,55,23,14,13,20,17,18,25,15,28,38,28,17,60,28,28,37,26,31,32,22,37,32,40,30,25,5,21,28,39,22,24,26,16,42,45,31,31,21,20,13,31,24,28,33,33,21,12,26,25,34,20,45,31,31,19,45,38
18/2/18,16,31,26,29,25,25,23,35,43,6,23,22,29,15,34,22,12,9,26,32,21,12,12,18,14,17,15,15,32,45,26,17,57,27,21,35,30,30,29,39,31,32,34,18,31,5,37,26,27,19,21,26,15,36,30,25,36,17,15,11,27,19,27,32,29,20,9,20,22,30,20,35,26,24,17,55,38
25/2/18,30,29,18,24,20,19,20,30,36,5,18,20,25,13,20,14,9,23,17,48,18,11,12,14,12,0,46,12,26,28,20,16,47,16,14,27,19,28,24,37,27,14,29,10,67,4,37,20,40,17,17,25,12,29,22,23,29,15,13,8,24,14,20,26,24,16,8,16,16,25,17,33,19,18,13,43,32
4/3/18,16,25,18,23,19,18,19,29,32,5,16,21,25,12,34,14,10,6,22,25,15,11,0,14,23,16,31,9,23,25,19,13,44,20,13,26,19,31,22,21,23,24,26,16,45,5,25,17,26,17,18,20,12,28,27,20,26,15,15,10,23,15,20,21,23,15,8,17,16,23,15,28,21,19,14,41,30
11/3/18,17,25,17,23,19,20,19,26,24,5,15,15,24,11,25,13,9,9,19,16,17,9,14,13,12,17,16,9,23,24,18,12,42,16,13,24,22,24,22,0,20,20,28,23,0,4,44,20,17,16,16,23,12,27,25,19,28,13,13,10,23,14,22,26,21,16,8,16,17,25,17,30,22,18,14,34,33
18/3/18,42,25,16,19,18,18,18,28,29,5,16,21,23,9,22,12,7,16,28,22,14,10,13,13,12,16,32,9,26,24,17,12,38,17,13,22,22,26,17,21,22,14,24,15,24,4,27,17,22,17,16,24,10,27,20,18,26,12,11,8,21,13,21,18,21,16,7,14,15,22,16,27,20,17,13,39,30
25/3/18,17,19,15,21,15,29,17,28,26,5,16,11,18,10,30,13,8,19,20,18,14,9,0,12,9,0,41,9,21,21,15,15,34,18,20,22,20,28,17,21,21,9,25,15,25,4,21,21,17,16,13,26,9,26,16,20,29,12,11,8,21,13,20,19,19,14,7,14,16,23,15,27,19,17,13,41,29
1/4/18,27,24,15,19,15,18,16,20,19,5,16,18,17,8,20,12,9,8,13,0,12,9,13,12,13,0,27,8,21,20,21,14,32,16,14,20,18,20,21,24,22,17,21,8,40,4,11,17,19,13,12,21,9,22,21,15,29,13,12,8,21,12,19,17,18,13,6,13,12,20,12,27,18,18,12,44,25
8/4/18,20,24,14,19,15,16,15,18,18,5,13,15,17,8,23,8,8,14,21,0,12,7,0,11,11,0,0,11,22,20,16,15,30,16,12,19,24,24,18,22,21,11,22,11,23,4,31,12,17,13,13,21,9,26,22,18,30,13,10,8,24,11,18,17,17,13,6,15,10,22,12,24,18,16,11,48,27
15/4/18,0,22,12,15,15,16,12,23,19,4,11,14,20,9,24,13,8,11,11,21,12,7,13,10,9,0,21,9,18,20,14,13,31,13,12,19,16,23,18,21,18,14,21,17,24,3,19,12,12,12,13,19,8,22,18,15,26,10,10,7,19,10,15,14,16,11,6,14,13,17,10,23,14,15,10,43,21
22/4/18,20,21,13,15,13,16,14,22,16,5,12,15,15,9,23,11,6,11,13,0,15,7,26,10,11,0,24,5,17,16,14,14,33,14,11,19,15,21,14,0,14,11,21,14,47,3,23,13,46,12,13,22,9,23,23,15,24,11,9,8,18,10,15,12,17,13,6,12,12,19,12,23,13,15,11,40,21
29/4/18,20,24,11,14,12,13,11,16,18,4,15,17,13,8,25,8,6,16,15,19,11,8,13,10,11,14,16,7,14,14,12,12,31,13,10,14,17,20,15,22,17,17,18,24,36,3,19,17,29,11,11,22,7,23,18,13,25,10,8,6,17,7,13,12,14,13,5,10,9,17,10,20,14,13,9,32,20
6/5/18,20,22,12,15,11,13,11,19,18,4,14,14,14,9,27,8,6,14,13,0,8,7,13,10,11,17,16,6,15,17,11,12,28,11,9,16,13,22,15,34,15,11,14,12,24,3,18,11,25,15,11,25,6,18,17,13,22,9,9,5,17,7,13,11,15,12,5,11,13,18,10,18,13,12,9,31,20
13/5/18,0,19,10,14,11,12,9,14,9,4,9,12,14,9,25,8,5,12,9,0,10,7,0,9,9,0,16,12,13,13,10,11,25,9,9,16,12,21,12,20,14,11,15,17,0,3,11,17,10,11,10,22,6,19,16,12,19,8,5,5,16,8,11,9,15,10,5,9,11,18,8,16,12,11,8,27,16
20/5/18,24,16,11,15,11,12,10,16,20,4,9,9,14,7,21,7,6,11,11,0,7,7,0,9,8,33,25,6,14,14,10,11,23,9,8,15,15,21,11,22,15,11,16,11,25,3,15,18,37,10,11,21,8,18,13,12,19,8,8,6,15,7,11,9,19,9,5,9,10,18,10,16,10,12,8,31,16
27/5/18,40,22,10,10,8,11,9,12,9,3,8,12,13,6,18,8,5,6,11,0,8,6,13,8,7,17,17,7,13,13,9,10,22,9,7,15,11,19,12,0,16,10,16,9,25,3,0,16,17,9,9,22,5,17,12,12,16,8,8,5,14,6,11,9,15,9,4,9,8,15,8,17,10,10,7,28,17
3/6/18,46,17,8,10,8,11,8,12,10,3,9,9,10,5,17,8,5,16,10,0,8,5,0,7,7,15,17,9,11,11,9,11,21,10,7,13,12,22,11,0,10,7,13,6,25,2,14,11,23,8,8,21,5,19,13,11,16,6,6,5,13,7,8,9,13,8,4,8,8,15,6,15,12,10,7,32,15
10/6/18,19,23,11,14,12,13,12,21,27,3,11,16,17,8,29,8,5,13,11,0,9,7,0,9,8,16,16,5,17,13,10,9,21,12,8,18,11,22,15,21,12,17,18,9,31,3,7,12,18,14,12,23,6,19,14,16,17,9,9,6,16,7,12,13,15,10,5,12,11,18,8,18,14,13,10,35,16
17/6/18,21,19,10,13,9,10,10,12,20,3,10,7,12,4,24,11,3,9,10,37,9,5,12,7,7,0,16,10,14,12,10,7,18,10,7,14,12,19,11,41,11,6,17,14,32,3,6,9,20,11,8,18,4,16,12,12,17,7,7,4,13,6,11,11,13,9,4,9,7,16,7,16,8,11,8,27,12
24/6/18,41,17,10,11,10,11,11,16,17,3,8,10,14,5,25,11,4,6,11,18,8,5,13,8,6,0,16,8,17,15,10,8,15,11,7,14,14,20,16,44,14,14,16,11,24,3,12,13,20,11,10,22,5,16,12,11,17,8,6,4,14,6,13,12,13,9,4,7,9,15,7,19,12,11,9,29,14
1/7/18,20,17,9,9,8,10,9,12,14,3,8,10,12,5,25,9,4,9,7,20,5,4,13,7,8,19,15,3,13,12,10,7,15,8,6,10,10,36,11,32,13,10,14,11,23,3,26,11,18,9,9,22,4,15,18,11,15,8,9,5,12,5,11,9,12,8,4,7,9,14,7,17,11,10,7,30,12
8/7/18,21,15,8,10,7,11,8,12,12,3,6,13,11,4,19,7,5,0,7,29,8,4,0,7,7,0,0,3,13,10,8,7,16,7,6,11,10,23,14,24,14,8,16,9,23,3,9,11,21,9,8,22,5,13,12,14,18,8,7,4,12,7,10,7,13,8,4,6,8,14,7,15,11,9,7,30,13
15/7/18,43,17,9,11,9,12,10,15,14,3,9,15,11,7,15,10,6,11,7,0,9,5,15,9,8,0,17,5,14,10,9,10,18,12,7,13,15,29,12,25,16,10,17,10,0,3,6,14,23,11,10,24,6,16,10,13,21,7,10,5,16,7,11,11,15,10,5,8,9,14,8,20,9,12,8,33,15
22/7/18,22,20,9,14,9,13,11,14,18,4,9,9,14,9,21,9,6,7,13,0,9,7,15,10,8,36,25,4,19,13,10,12,19,14,8,15,14,25,13,27,14,14,21,16,0,3,5,11,25,12,10,29,7,18,12,13,21,8,10,6,18,9,12,11,16,9,5,10,11,16,9,19,9,13,9,37,19
29/7/18,0,19,8,11,9,11,9,13,13,4,8,11,13,7,18,10,5,12,7,17,9,6,0,9,8,0,17,3,12,11,8,15,18,11,6,13,13,24,11,25,10,9,20,14,25,3,8,15,19,10,10,27,6,17,19,16,19,8,13,5,14,7,9,12,12,8,5,7,9,14,8,17,11,11,8,34,16
5/8/18,39,15,9,13,11,12,9,18,21,4,9,11,15,6,24,12,6,8,8,19,10,6,0,9,9,0,22,3,16,11,9,13,16,11,7,13,12,20,11,23,11,15,18,8,0,3,20,14,15,10,9,22,9,19,21,16,19,8,12,5,16,8,11,11,14,8,5,10,11,23,11,18,10,11,8,36,15
12/8/18,0,15,8,13,10,11,10,11,16,4,10,17,13,7,24,9,6,12,10,18,9,6,15,9,8,34,17,6,12,13,9,14,18,13,7,13,11,22,11,0,14,10,19,12,0,3,18,11,23,10,11,24,5,17,12,13,19,8,10,5,15,7,13,12,13,9,5,7,9,21,10,17,11,12,8,37,14
19/8/18,58,22,7,10,10,12,9,13,10,3,8,14,11,5,20,8,7,9,6,0,8,6,15,7,9,0,17,8,13,11,8,13,18,7,7,13,10,20,15,0,11,6,18,10,0,3,13,17,16,8,7,26,6,15,11,13,15,7,10,4,14,7,10,8,12,9,4,6,8,18,8,15,8,10,7,37,12
26/8/18,20,25,7,11,10,13,8,12,13,3,8,13,8,5,26,10,9,11,9,0,7,5,28,8,5,0,0,15,13,10,9,15,18,11,7,14,16,16,14,0,13,15,22,7,24,2,11,10,21,12,7,29,6,19,16,11,17,7,9,4,14,8,10,8,12,8,4,8,9,17,9,16,10,11,7,33,11
2/9/18,20,20,9,12,11,13,9,15,12,4,8,12,11,6,17,10,9,8,9,0,7,6,0,9,11,0,0,4,14,11,10,23,22,14,8,15,10,21,9,24,14,12,29,14,25,3,12,14,16,11,9,36,6,16,16,15,17,7,11,4,15,7,10,11,13,8,5,7,9,16,10,18,11,12,7,30,12
9/9/18,38,23,8,13,10,11,9,11,11,4,9,12,12,6,19,10,8,9,7,0,8,5,0,8,8,31,16,7,14,10,9,23,19,16,7,13,11,21,12,22,11,13,20,8,23,3,7,12,19,9,9,36,6,16,11,16,15,6,10,5,14,8,10,8,13,9,4,7,8,15,8,15,12,11,7,30,12
16/9/18,20,20,7,12,8,11,8,19,11,3,7,9,11,6,18,8,9,12,9,0,6,5,14,8,8,0,0,7,11,10,9,30,17,13,8,14,9,21,11,23,12,12,18,9,25,3,16,16,17,9,8,29,5,16,8,14,15,7,8,5,12,7,10,10,12,8,4,8,8,14,7,14,9,10,6,32,13
23/9/18,40,21,7,11,8,10,8,17,9,3,7,8,8,5,15,7,8,11,10,38,6,5,0,7,6,0,16,3,9,9,9,36,21,9,7,12,8,19,9,45,8,13,17,10,48,3,14,10,23,9,8,28,5,14,11,13,14,6,8,4,12,7,8,6,12,7,4,8,7,13,7,14,8,9,6,28,12
30/9/18,40,16,6,9,7,10,7,14,12,3,7,8,7,4,15,9,6,8,11,0,8,4,13,6,5,0,17,5,9,9,10,37,21,9,6,10,6,13,10,0,6,5,16,11,26,4,10,14,10,8,7,26,6,18,15,14,14,6,7,3,11,6,7,7,10,6,3,7,6,12,6,13,9,9,5,26,11
7/10/18,28,17,7,11,8,9,7,14,8,3,7,10,8,5,15,8,7,10,6,0,8,4,14,7,5,18,18,3,10,9,9,41,20,10,7,11,9,16,10,25,10,9,15,13,27,3,7,19,28,8,10,24,6,17,8,12,15,6,7,4,10,5,8,9,11,7,4,7,8,14,6,13,9,10,5,26,11
14/10/18,20,15,7,10,8,9,6,15,8,3,6,15,10,8,14,12,6,3,10,0,7,5,0,7,6,0,18,4,11,11,10,40,20,9,7,11,7,12,6,23,11,10,16,13,0,2,15,12,24,8,9,25,10,17,13,14,14,6,8,4,11,7,7,7,11,7,3,8,8,16,7,13,8,9,5,30,10
21/10/18,19,14,6,10,7,8,6,13,10,3,8,12,8,6,10,8,7,7,7,0,8,4,0,7,6,0,27,5,10,10,9,31,19,8,6,10,7,15,12,21,9,8,13,7,0,2,7,11,10,8,6,22,6,23,17,12,14,5,8,4,9,7,7,5,11,6,3,8,7,15,7,12,8,9,5,29,10
28/10/18,27,16,6,8,8,9,6,14,7,3,6,11,9,5,12,10,6,11,9,0,14,4,14,7,7,0,18,3,11,11,7,31,17,9,7,9,9,13,10,0,10,7,14,14,26,2,7,18,33,8,7,22,4,16,20,11,14,6,8,3,10,5,7,6,9,6,3,7,6,12,6,11,6,9,5,28,10
4/11/18,25,17,6,11,8,10,6,17,9,3,6,10,10,6,13,10,6,14,7,0,10,4,13,7,3,16,0,0,10,14,6,28,16,9,7,10,9,16,12,0,8,15,14,8,0,2,11,18,22,9,6,22,6,15,10,11,13,6,9,3,11,6,8,7,9,6,3,7,7,11,6,10,8,10,4,24,8
11/11/18,28,14,7,13,10,11,8,19,13,4,11,16,12,7,10,8,7,14,9,20,11,6,14,10,6,0,17,8,10,13,7,29,21,11,9,14,9,18,8,21,12,15,17,8,26,3,11,11,15,12,7,25,5,17,11,14,15,7,10,4,13,7,10,12,11,10,4,9,12,16,8,14,9,11,6,30,10
18/11/18,18,27,12,19,18,16,12,15,18,5,11,20,18,8,17,13,8,9,14,0,17,9,0,13,8,18,0,10,25,14,10,27,23,18,11,21,13,20,16,27,16,21,27,15,0,4,11,14,12,15,13,30,8,20,16,17,14,11,13,7,19,8,17,17,14,12,6,10,15,17,10,20,13,14,9,38,13
25/11/18,25,23,12,20,14,16,12,14,24,5,15,17,17,7,20,12,9,7,14,0,14,8,20,15,9,0,17,12,19,15,11,27,20,14,13,23,14,19,17,21,15,23,25,23,52,3,25,12,12,15,12,32,7,24,14,17,15,11,12,5,20,8,17,16,15,12,7,12,16,20,10,19,10,14,10,37,16
2/12/18,25,22,9,19,11,15,10,23,10,5,8,20,15,5,21,11,6,15,17,0,10,7,0,11,7,0,34,3,18,16,9,21,18,11,10,18,11,14,14,20,17,10,20,25,26,3,11,21,10,12,10,29,6,19,12,16,12,9,8,4,17,7,13,10,11,12,6,10,12,16,9,17,10,12,8,31,12
9/12/18,18,17,9,15,11,12,11,18,10,4,10,10,12,7,14,7,8,9,11,0,11,6,0,10,5,0,0,0,15,10,9,18,16,14,9,17,10,14,12,22,17,15,17,13,0,3,7,15,22,11,11,24,4,17,13,16,12,8,9,4,15,7,13,13,11,9,5,8,12,17,7,16,11,11,8,25,12
16/12/18,26,17,9,19,13,13,11,20,18,4,9,13,11,7,19,9,7,10,11,19,11,6,22,11,8,19,19,7,22,15,9,19,19,14,9,17,12,20,10,22,16,16,18,18,27,3,0,22,41,13,11,27,8,20,14,13,15,9,10,5,16,8,13,13,13,10,5,9,14,15,9,17,13,12,8,25,14
23/12/18,0,17,8,16,11,14,9,22,8,3,12,11,11,5,14,13,8,7,14,0,10,6,0,9,8,0,0,5,10,10,8,17,18,13,9,14,13,22,9,0,15,19,15,14,43,3,15,18,12,10,8,24,6,17,15,16,13,8,8,5,16,6,10,12,12,9,5,8,11,14,8,16,8,10,7,26,12
30/12/18,31,16,6,12,9,11,7,23,9,4,7,10,12,5,17,6,8,12,11,19,9,6,16,8,6,0,19,8,9,10,7,18,16,13,9,11,13,16,9,0,10,11,16,14,27,2,8,15,19,9,8,25,4,14,11,15,11,7,8,4,13,7,7,12,11,8,5,8,10,12,7,15,10,9,5,31,10
6/1/19,15,15,6,11,9,11,7,22,9,4,5,7,10,4,20,9,7,13,8,0,11,6,14,9,6,0,34,6,10,12,7,14,16,10,9,12,11,20,11,0,11,9,14,16,25,2,7,9,36,9,7,24,5,14,13,12,11,8,8,4,14,5,9,11,10,8,5,7,9,12,7,16,10,10,6,31,13
13/1/19,15,17,5,13,9,10,6,23,7,3,6,10,8,5,14,6,6,7,11,0,6,5,14,8,6,0,17,5,7,7,6,13,15,9,10,11,9,12,9,0,7,8,14,10,0,2,7,14,17,8,6,22,4,13,12,12,12,7,8,4,12,5,8,9,10,6,4,7,9,12,6,13,7,9,5,30,9
20/1/19,0,18,6,12,7,9,6,23,5,3,8,10,7,3,14,8,5,14,11,18,7,5,13,7,6,0,0,6,7,12,6,11,14,6,7,11,9,13,7,0,12,2,13,9,23,2,13,11,27,6,5,24,3,11,9,13,11,7,10,3,11,5,5,8,9,6,4,8,7,11,6,11,5,8,5,20,8
27/1/19,21,16,5,11,8,10,6,20,7,3,6,15,7,4,11,7,7,8,5,0,6,7,0,7,5,16,0,6,9,9,6,13,15,8,7,12,7,16,8,20,8,9,12,6,23,2,7,11,17,8,7,21,4,12,7,15,12,6,8,3,11,5,8,10,10,7,4,5,7,11,6,11,5,8,4,26,9
3/2/19,0,15,6,11,8,10,8,26,15,3,5,12,7,4,17,6,5,12,10,0,7,7,13,7,5,0,15,5,7,9,6,13,15,8,8,10,7,13,7,0,7,9,13,12,0,2,20,12,14,8,6,25,4,11,6,19,11,7,8,6,10,5,9,9,10,6,5,6,9,11,6,11,6,8,5,21,8
10/2/19,15,14,6,11,7,10,6,20,7,3,5,9,7,5,20,8,6,12,5,0,5,5,0,7,4,17,15,3,8,8,6,12,13,8,8,9,8,14,6,19,7,9,12,10,0,2,13,14,8,7,6,20,3,11,8,15,12,7,9,4,10,4,8,6,9,5,4,5,7,10,5,11,6,8,4,22,11
17/2/19,47,15,6,12,8,11,7,39,12,4,6,9,9,5,16,9,6,6,7,0,7,6,14,8,5,0,16,7,8,8,7,14,15,8,9,11,9,11,9,0,6,7,12,13,0,2,7,12,11,9,5,25,4,13,9,16,13,7,9,4,12,5,7,8,9,7,5,8,9,16,7,13,7,9,5,21,11
24/2/19,15,13,6,10,8,10,6,22,13,3,4,10,8,5,14,7,6,3,9,0,6,5,0,8,6,0,16,6,9,8,6,14,16,7,8,11,11,9,5,21,7,7,13,6,24,2,0,14,13,9,6,20,3,10,8,17,12,7,11,3,11,5,7,8,9,6,4,7,8,11,7,12,10,8,5,23,12
3/3/19,15,15,5,9,8,10,6,28,7,3,7,9,6,5,14,7,5,10,8,0,7,5,0,7,5,0,0,0,7,11,5,15,12,7,8,9,7,16,7,23,7,5,13,5,26,2,7,13,13,8,5,22,3,10,8,17,10,6,10,3,10,4,6,5,9,6,4,7,9,11,7,11,8,7,4,26,11
10/3/19,16,14,5,10,7,11,6,24,6,3,5,9,6,5,16,8,6,10,8,19,6,4,0,6,6,16,0,6,8,8,5,13,13,6,7,8,8,10,7,0,7,9,10,10,24,2,17,8,5,8,4,18,4,9,11,18,10,7,9,2,10,5,5,6,9,6,4,6,7,10,6,9,7,7,4,22,10
17/3/19,16,17,5,9,7,12,6,22,7,3,5,9,6,4,13,9,5,0,8,0,4,5,0,6,5,0,17,3,7,9,6,12,15,7,8,8,8,14,6,23,8,9,11,9,35,2,7,11,14,8,5,22,4,12,6,17,11,8,9,3,9,6,7,7,9,6,4,6,8,12,7,11,9,7,5,23,11
24/3/19,17,17,5,9,7,12,5,19,10,3,6,6,6,4,14,8,4,8,6,0,5,4,0,7,6,0,0,0,8,8,5,12,13,6,8,8,8,12,3,0,6,5,9,6,24,2,7,11,11,8,5,23,4,12,10,14,11,5,9,3,10,3,7,5,9,5,5,7,8,11,7,10,7,7,4,21,10
31/3/19,22,21,10,18,14,20,10,23,13,5,10,16,16,7,18,9,6,8,12,18,10,7,0,12,7,16,32,6,14,14,7,22,16,13,12,19,13,15,10,40,13,10,16,20,71,3,0,17,22,16,9,30,6,16,18,16,16,10,13,5,16,8,11,11,12,13,6,11,15,16,9,15,11,12,8,29,15
7/4/19,24,19,8,14,10,17,8,18,12,4,9,12,11,5,17,10,6,3,7,20,5,6,0,10,8,0,0,5,10,12,7,21,15,10,10,14,14,19,7,21,6,11,15,11,24,3,7,18,15,11,8,25,5,15,11,17,17,7,11,4,15,7,8,11,11,9,5,9,12,16,9,14,12,9,7,29,12
14/4/19,0,15,7,13,9,16,7,16,10,4,5,11,7,3,14,9,5,12,7,20,5,5,0,9,5,23,17,5,8,11,6,19,13,10,9,11,11,15,7,22,9,9,13,8,0,2,14,15,9,8,5,24,5,13,15,14,14,7,10,3,12,6,8,8,9,8,4,7,11,13,7,12,8,9,6,27,10
21/4/19,19,15,8,16,9,18,7,19,10,4,6,10,8,5,24,6,6,3,7,0,8,5,14,11,6,0,51,5,8,9,7,22,15,10,10,13,10,16,8,23,8,11,13,11,25,2,0,19,15,9,6,27,7,14,12,13,16,9,10,4,12,4,7,8,11,7,5,9,12,16,8,13,8,9,6,36,10
28/4/19,19,14,6,12,9,16,7,15,11,4,5,8,8,4,18,9,5,12,8,0,6,6,27,9,5,0,23,7,9,9,6,22,17,8,10,10,10,15,9,22,7,12,12,12,24,2,7,16,17,7,7,34,5,13,17,17,14,7,11,3,13,5,9,9,11,8,5,6,10,15,8,12,7,8,6,28,10
5/5/19,28,22,10,18,11,24,10,18,14,6,8,13,11,7,19,10,6,13,14,19,9,7,17,12,9,17,16,4,12,11,9,30,18,13,12,15,12,20,15,37,9,17,18,15,24,3,14,16,16,10,12,33,8,17,24,18,17,8,13,4,15,8,11,9,13,9,7,11,15,18,11,16,10,12,8,32,15
12/5/19,25,31,15,28,19,37,15,29,22,7,12,27,20,9,28,15,10,11,16,19,17,12,13,19,10,30,32,8,23,19,13,43,24,20,17,26,21,34,17,55,16,25,28,25,24,4,16,31,20,19,16,46,11,28,28,27,23,13,18,7,26,12,18,13,21,21,10,20,26,23,19,26,19,18,14,44,22
19/5/19,37,24,11,17,15,31,10,23,11,5,10,11,10,6,27,10,8,14,12,18,8,8,13,13,11,20,16,10,12,15,10,35,18,14,12,18,14,23,13,38,10,14,19,18,75,3,10,23,16,13,11,36,8,21,18,22,22,9,14,5,18,10,15,13,16,13,8,14,16,19,12,18,10,13,10,32,16
26/5/19,32,28,11,20,16,31,11,19,14,5,8,16,14,7,26,9,9,3,13,24,9,9,13,14,11,0,16,10,16,15,10,36,19,17,13,19,16,28,13,33,12,13,21,18,47,3,6,23,29,13,12,40,7,19,25,19,27,10,16,5,20,12,14,12,17,13,8,12,20,19,13,21,12,14,10,36,17
2/6/19,0,22,10,17,13,27,9,20,13,5,11,20,10,6,16,11,9,8,9,0,9,7,0,13,9,17,33,5,15,13,9,33,19,11,12,16,16,18,13,42,11,15,21,17,22,3,19,15,18,11,9,43,6,15,17,17,25,9,14,4,17,9,12,10,14,12,7,11,14,19,10,16,10,12,8,32,18
9/6/19,33,21,8,17,11,25,8,16,11,5,6,12,9,7,21,9,7,10,12,16,7,7,12,12,10,0,0,4,11,10,7,33,17,13,11,14,12,17,8,21,10,16,18,9,23,3,13,17,16,11,8,33,7,13,17,15,20,8,12,5,15,8,12,10,14,9,7,12,13,18,10,16,11,11,7,33,16
16/6/19,40,33,14,22,18,39,13,28,14,6,14,16,13,8,28,14,9,10,14,24,11,11,24,17,11,0,33,8,19,16,10,45,21,20,16,23,19,24,11,37,14,21,25,17,23,4,0,25,30,16,14,44,8,20,24,19,28,12,17,5,24,12,16,16,19,13,9,15,22,25,15,23,16,16,12,38,19
23/6/19,34,55,21,40,28,64,20,30,27,8,19,38,23,12,33,15,11,16,25,0,15,15,0,26,18,21,17,6,28,20,16,79,26,30,23,32,29,32,23,23,23,33,36,31,35,6,21,26,26,25,22,60,15,26,35,26,32,18,25,9,34,17,25,24,24,20,13,23,30,36,26,35,25,25,20,56,28
30/6/19,20,36,14,26,18,43,12,23,14,6,13,23,15,9,21,13,9,17,20,16,10,11,13,18,14,0,0,6,19,17,11,100,21,19,16,24,19,30,17,0,12,20,27,21,0,5,12,23,20,16,14,50,12,21,28,18,24,13,18,6,25,11,19,16,20,15,9,12,18,28,21,25,16,17,12,47,20
7/7/19,19,34,13,24,16,41,11,39,17,6,13,22,15,8,27,11,9,12,19,0,11,10,13,17,11,0,16,10,18,14,10,81,19,18,14,24,18,26,11,0,14,21,25,18,45,4,21,25,32,13,14,48,10,18,31,23,21,13,17,4,23,12,15,13,21,14,9,15,21,27,16,24,12,15,11,41,20
14/7/19,19,30,11,23,17,43,11,30,17,6,10,14,15,9,22,13,8,8,15,15,11,10,28,17,11,0,33,7,15,13,10,54,20,16,15,22,19,24,13,34,19,22,26,17,0,4,13,26,31,14,12,51,11,15,17,24,20,13,17,4,22,10,15,11,16,14,10,13,19,24,16,23,19,15,11,48,19
21/7/19,19,25,9,19,11,39,10,24,11,5,9,15,10,8,21,12,9,5,13,17,9,7,14,13,9,20,0,6,10,10,9,49,17,12,12,15,15,26,13,0,12,14,19,11,25,3,10,20,15,12,9,42,8,13,16,19,17,13,14,4,18,8,12,9,12,10,8,12,15,21,13,17,10,11,8,33,18
28/7/19,19,25,9,16,13,40,9,17,17,5,10,18,10,10,25,11,8,11,10,27,9,8,0,12,12,20,17,6,15,12,8,43,16,13,11,15,15,24,11,25,14,15,17,13,25,3,7,22,26,11,11,45,6,13,15,22,17,11,15,5,18,8,13,11,13,9,8,11,12,19,12,17,12,11,8,36,14
4/8/19,18,27,12,18,17,45,11,22,16,6,10,14,12,7,21,14,11,9,15,17,10,8,14,15,11,0,33,6,15,14,9,44,17,15,15,16,15,22,13,0,15,28,21,12,51,3,10,26,24,14,12,49,8,18,18,25,20,11,17,5,20,9,13,13,16,12,10,13,17,20,13,21,9,13,9,36,17
11/8/19,30,30,10,17,15,41,9,22,11,5,7,12,10,7,34,11,9,16,12,16,10,8,15,13,10,0,27,6,14,10,8,41,15,13,13,13,13,19,11,0,15,14,17,15,38,3,12,26,10,11,13,42,6,16,24,22,17,11,16,5,18,8,12,9,12,10,10,11,15,17,12,16,11,12,8,36,15
18/8/19,17,25,8,19,15,39,8,18,8,5,8,11,9,6,18,9,9,6,12,16,9,8,14,12,11,14,18,6,12,10,8,38,15,12,12,14,11,20,9,19,11,19,15,6,26,3,20,14,16,10,11,42,5,15,17,22,15,10,14,4,16,9,11,12,12,10,7,10,13,17,10,17,11,10,7,33,15
25/8/19,17,23,7,34,37,35,8,19,13,36,16,29,15,22,31,33,28,39,15,31,13,33,13,35,32,15,16,9,18,29,20,37,29,26,38,21,22,26,16,19,18,21,27,17,23,33,21,38,13,28,25,46,9,24,23,41,21,33,39,25,31,29,23,13,11,11,34,14,11,33,36,23,8,34,38,43,34
1/9/19,72,27,7,100,100,32,8,16,9,100,37,72,25,64,80,100,100,91,33,26,31,100,50,100,100,13,47,26,44,72,58,50,72,61,100,35,38,39,30,19,47,35,66,35,76,100,57,87,21,63,64,48,21,52,94,98,39,100,100,94,80,100,56,28,16,16,100,35,12,100,100,40,11,88,100,53,100
8/9/19,24,25,7,40,45,28,7,15,14,52,42,67,25,19,92,96,97,100,31,38,30,35,19,40,98,21,58,19,37,69,32,52,80,22,40,22,36,37,30,19,49,24,71,41,69,48,83,100,12,29,28,45,21,62,89,100,38,32,43,100,48,63,29,32,15,17,36,34,12,89,39,38,8,36,61,40,90
15/9/19,53,24,6,33,43,25,6,20,14,45,45,58,21,20,72,94,93,96,25,22,23,30,21,34,87,0,42,16,32,62,34,50,80,24,33,21,39,28,34,20,41,34,71,36,61,47,66,98,34,25,25,43,18,73,83,89,40,32,38,89,45,63,30,26,14,14,31,28,9,90,36,34,9,32,56,48,92
22/9/19,61,28,8,31,32,34,9,20,12,29,25,50,21,14,60,67,68,65,24,31,23,22,20,27,57,14,26,14,30,50,27,52,57,20,27,21,29,27,25,28,32,35,54,24,34,23,50,67,28,20,20,49,13,56,72,68,31,25,29,55,33,41,25,18,16,16,24,23,14,59,26,28,11,23,28,50,59
29/9/19,24,24,7,14,12,27,7,20,17,5,8,12,9,4,18,8,8,13,13,16,7,7,12,11,7,15,0,3,12,12,7,32,13,11,10,13,10,23,12,0,9,12,13,14,23,3,13,17,20,9,8,42,4,12,18,18,13,8,15,4,15,6,9,8,10,10,7,9,11,15,8,16,8,9,6,32,13
6/10/19,17,21,6,13,11,25,7,15,8,4,8,17,10,4,16,9,7,8,10,24,7,7,12,10,9,16,16,4,10,11,6,28,13,11,10,11,10,23,8,0,12,14,12,9,23,2,7,20,15,7,8,43,5,13,18,17,13,8,13,3,13,7,9,7,10,11,7,9,12,15,9,13,9,8,6,30,13
13/10/19,16,29,5,14,9,21,6,15,10,4,6,16,7,4,16,5,9,6,10,18,5,6,13,10,10,15,16,5,10,10,6,26,13,8,10,10,9,22,6,21,8,20,12,7,24,2,20,20,27,7,6,40,4,12,24,14,12,6,10,3,13,6,8,12,9,10,6,9,10,15,8,12,8,8,5,32,12
20/10/19,17,26,8,15,11,25,8,17,12,4,8,20,11,5,20,12,8,9,12,0,9,8,0,12,9,0,0,4,13,12,6,32,13,12,11,15,9,23,14,47,9,17,14,10,36,3,7,16,22,9,7,43,4,15,22,21,15,9,14,3,15,6,10,12,10,12,7,8,12,14,10,14,10,10,7,30,14
27/10/19,17,26,8,17,12,23,7,20,16,5,8,15,12,5,16,14,7,5,12,32,7,8,32,13,9,0,48,6,13,13,7,31,15,11,10,15,13,24,7,20,10,18,14,6,33,2,16,22,19,9,9,45,5,13,20,24,13,9,13,4,16,6,12,9,11,9,7,9,14,15,11,14,9,9,6,34,16
3/11/19,22,21,7,14,9,18,7,24,11,4,7,14,9,5,18,12,7,8,11,0,9,6,30,11,9,0,35,9,11,11,6,27,13,8,8,12,9,19,7,17,7,13,12,19,100,2,6,20,13,7,8,40,4,11,21,15,12,8,11,3,14,5,7,8,10,9,7,7,10,15,11,13,6,8,6,29,14
10/11/19,24,18,6,14,10,16,6,35,8,4,6,17,8,3,14,8,8,5,11,0,8,6,31,11,8,14,35,0,8,9,6,22,12,9,9,11,9,23,7,18,8,17,12,10,26,3,18,15,13,7,7,38,5,11,24,19,10,9,13,3,12,5,7,7,10,7,6,5,9,13,8,12,6,8,5,26,14
17/11/19,24,22,7,13,12,17,7,22,14,5,7,16,12,5,21,11,7,11,12,0,12,7,0,11,8,0,35,8,10,13,6,28,12,9,10,12,9,26,10,18,9,25,13,16,0,3,22,17,14,8,7,39,4,12,16,19,12,10,12,3,13,6,9,11,10,9,7,9,13,14,10,13,8,9,6,28,15
24/11/19,16,25,6,16,11,18,7,24,12,5,7,11,15,6,19,8,7,6,12,0,8,7,0,13,9,0,34,4,11,14,7,25,14,9,10,15,11,21,13,18,6,20,14,5,23,3,9,23,24,10,7,40,5,14,16,21,13,10,12,4,15,5,10,15,10,11,7,10,12,18,11,14,8,9,6,32,16
1/12/19,22,18,6,15,10,16,7,23,10,5,6,12,8,5,13,11,8,8,12,0,6,6,32,10,8,0,51,4,9,10,6,20,12,10,8,11,11,23,7,0,7,17,10,5,0,2,9,19,16,8,6,38,4,13,9,15,12,10,10,3,13,6,6,9,9,9,6,8,10,15,7,12,6,7,5,29,13
8/12/19,22,17,6,12,8,14,7,17,10,5,6,12,9,4,18,8,7,7,10,0,6,6,0,10,9,0,33,3,8,9,6,20,11,9,8,10,8,20,8,17,6,10,10,11,23,3,0,16,22,7,6,36,4,15,12,14,10,9,10,3,11,4,8,11,8,9,6,7,10,13,7,11,7,8,5,29,14
15/12/19,35,23,7,16,10,16,7,18,11,5,6,13,12,6,19,15,8,7,14,18,7,7,0,12,10,29,0,3,11,10,6,22,13,9,9,11,9,22,14,38,9,22,14,9,24,3,12,19,24,8,7,39,6,11,12,16,11,9,9,4,12,7,8,17,10,9,7,10,12,13,8,12,6,8,6,33,13
22/12/19,22,20,6,14,10,15,6,13,8,5,6,14,7,5,21,19,7,4,9,0,7,7,0,11,10,18,0,3,9,9,5,22,13,8,9,10,9,20,7,25,10,11,11,14,26,2,6,17,11,7,6,40,5,11,15,16,11,9,11,4,12,7,8,15,9,7,6,8,10,13,8,11,7,8,5,37,12
29/12/19,19,21,6,13,9,14,7,16,8,5,12,15,10,5,19,12,7,4,8,17,6,7,0,10,7,18,36,6,9,12,6,20,14,8,8,9,12,22,10,0,9,18,10,6,25,3,0,17,22,7,8,40,5,13,17,21,12,9,11,4,12,5,7,15,9,8,6,7,12,13,8,13,6,7,5,44,14
5/1/20,27,30,7,18,11,18,8,22,10,6,10,15,13,7,28,11,8,16,14,16,9,8,31,14,13,16,0,3,12,11,7,27,16,11,11,14,14,27,13,30,12,15,13,8,22,3,0,19,23,10,9,46,6,14,14,22,14,10,13,4,16,7,8,16,11,11,8,12,15,18,10,16,9,10,6,44,17
12/1/20,63,28,8,18,12,18,8,21,15,6,11,18,14,7,24,9,9,5,12,31,9,8,31,14,11,0,100,3,11,12,7,27,14,11,11,14,13,32,11,16,11,18,14,10,22,3,15,18,22,10,8,44,6,15,19,19,15,10,11,4,15,8,11,15,11,14,8,11,16,16,10,15,9,10,6,45,16
19/1/20,12,25,6,17,12,16,7,20,9,6,9,18,13,5,20,14,8,5,8,0,10,7,0,13,14,17,48,8,11,12,7,25,13,10,11,13,10,24,9,18,9,11,13,8,0,3,6,16,13,9,7,42,5,13,15,17,16,10,12,4,13,7,9,13,10,10,7,10,14,13,9,14,8,10,6,48,13
26/1/20,13,28,8,17,15,18,8,18,9,5,8,13,12,5,21,12,7,23,13,0,10,9,0,13,11,19,34,4,9,13,7,31,13,11,11,13,10,29,8,17,9,19,14,10,45,3,11,13,16,10,10,41,5,14,27,20,15,10,12,4,15,7,10,15,11,10,8,9,17,15,10,14,8,10,6,39,16
2/2/20,32,28,8,19,14,18,8,19,20,5,7,12,12,7,22,13,8,34,12,17,9,9,0,13,9,0,0,3,11,17,7,27,14,11,11,13,10,21,8,34,10,16,14,8,22,3,12,15,20,10,10,43,6,14,19,21,17,9,14,4,14,6,10,15,10,11,8,8,17,14,9,15,9,10,6,41,16
9/2/20,42,30,9,23,17,19,10,20,9,5,11,19,15,6,19,17,9,38,12,0,12,11,32,16,16,34,67,4,13,14,9,31,15,14,13,14,11,24,9,35,14,21,19,11,22,3,17,19,19,14,10,48,7,15,18,24,17,12,14,5,16,8,13,16,12,11,9,13,20,18,13,17,10,12,8,40,17
16/2/20,41,36,7,18,14,16,8,20,11,5,9,16,13,7,20,16,8,50,11,33,10,9,0,14,13,17,71,3,12,15,8,34,14,18,12,12,11,20,8,18,9,20,16,11,23,3,6,21,12,10,7,43,7,14,17,25,15,11,10,4,14,7,10,14,10,10,9,11,15,15,12,15,10,10,7,34,15
23/2/20,25,33,8,18,15,16,9,17,12,6,10,16,13,7,20,22,7,36,11,0,15,10,35,14,10,0,0,6,12,14,7,31,14,14,11,13,8,26,11,19,10,24,14,5,37,3,9,12,17,12,8,43,5,12,16,23,17,10,14,4,15,6,10,12,10,9,9,11,16,16,10,14,8,11,7,39,17
1/3/20,28,27,7,18,13,15,7,16,11,5,8,14,13,6,18,20,8,49,9,0,8,9,29,13,9,0,33,3,11,15,11,26,12,12,10,11,10,32,7,17,10,17,13,9,23,3,19,13,15,9,8,43,6,10,21,19,16,9,11,4,13,5,10,13,10,9,8,11,15,14,10,13,9,10,6,37,15
8/3/20,25,43,15,38,28,27,15,32,17,9,18,33,29,11,37,26,12,37,30,32,19,21,28,23,17,0,67,12,24,25,15,49,19,24,16,26,17,42,23,17,26,28,22,18,38,5,23,39,20,19,16,64,9,17,22,35,24,22,20,11,27,9,20,32,14,14,15,17,30,21,19,30,17,17,12,50,24
15/3/20,20,39,16,43,26,26,15,31,20,9,19,29,36,10,36,25,14,28,27,22,18,22,0,28,21,0,62,7,21,28,15,53,17,23,18,22,21,55,29,18,26,38,21,15,79,6,11,31,25,19,17,70,9,25,29,43,26,22,20,11,29,12,17,35,15,15,16,18,31,20,22,27,19,18,11,46,24
22/3/20,21,31,11,30,20,19,12,22,13,6,11,24,25,7,29,17,8,22,21,14,13,15,36,20,12,18,29,4,15,20,12,49,14,17,14,18,14,43,14,0,17,21,17,13,47,5,16,20,28,15,11,56,6,20,23,26,21,16,15,7,21,9,12,31,13,12,12,13,24,18,15,20,12,13,8,43,20
29/3/20,39,23,9,27,21,17,9,17,13,5,9,24,22,5,25,21,9,20,17,0,11,13,24,17,12,0,30,6,8,16,10,46,13,17,13,14,13,39,16,33,13,27,12,17,49,4,8,21,17,12,10,60,6,18,22,21,23,14,13,8,17,7,11,26,13,10,10,11,20,15,13,17,11,12,7,41,18
5/4/20,14,31,9,24,18,17,9,21,6,6,11,25,20,7,31,19,9,32,16,23,9,12,0,17,10,0,92,11,14,14,10,45,12,15,12,13,11,45,13,37,11,15,14,9,51,5,16,22,25,11,12,60,7,19,28,26,24,13,13,9,14,8,9,21,14,9,11,11,19,14,14,17,11,13,7,42,19
12/4/20,25,32,8,23,16,15,10,23,10,5,10,17,18,7,33,17,8,18,12,15,9,12,54,15,12,20,31,7,13,16,10,38,13,14,12,11,9,33,11,29,10,11,12,7,0,4,0,23,26,10,11,63,6,18,20,23,25,12,13,6,14,8,10,20,15,8,11,10,20,12,14,15,10,13,7,47,15
19/4/20,29,37,9,20,14,17,9,28,7,5,11,30,16,6,28,21,9,29,14,0,8,12,24,15,10,0,30,8,12,14,9,38,13,13,13,11,8,36,10,18,12,18,13,13,53,4,9,25,28,10,9,67,6,18,22,22,26,12,12,6,14,8,8,19,14,8,11,10,19,13,13,15,11,13,7,41,15
26/4/20,15,42,11,25,21,21,12,30,9,6,9,34,23,6,34,22,11,20,17,13,13,14,100,19,14,0,30,6,15,16,13,48,15,19,15,14,12,43,8,0,16,27,16,17,52,5,0,30,33,14,11,100,6,22,16,25,30,16,15,8,17,9,14,24,18,12,14,11,23,19,17,21,15,17,9,47,18
3/5/20,36,47,13,29,24,26,13,30,13,7,12,42,22,8,40,24,12,16,18,27,13,16,0,22,17,28,91,8,16,19,13,50,16,22,18,16,15,53,15,17,17,28,20,14,61,5,13,32,31,17,16,90,10,23,36,28,28,17,19,8,20,11,15,26,20,11,15,13,32,20,19,20,14,19,10,53,17
10/5/20,20,76,15,39,30,28,17,41,18,7,15,39,32,12,40,24,12,22,24,14,20,18,38,28,18,46,80,8,17,24,14,57,18,26,20,18,14,54,13,49,20,35,19,22,58,6,13,26,32,20,18,97,14,22,33,31,31,21,19,9,20,10,20,28,24,13,17,16,36,20,22,23,21,23,12,60,20
17/5/20,40,55,11,24,20,20,11,31,16,6,10,32,20,9,27,19,10,17,17,16,13,12,26,17,11,17,82,6,13,15,12,45,16,20,14,13,11,40,12,39,11,22,16,14,52,4,7,22,42,12,13,82,5,16,27,22,27,13,14,6,17,9,13,21,19,9,12,11,22,16,15,17,12,16,8,45,17
24/5/20,22,49,9,20,16,17,9,26,10,6,10,18,16,8,33,19,23,29,9,15,9,10,24,14,12,0,65,2,11,12,10,37,14,16,13,12,13,36,9,18,12,11,16,17,66,4,13,24,42,11,10,80,6,12,27,22,25,11,12,5,15,10,12,17,16,8,11,11,18,15,16,15,12,13,7,38,15
31/5/20,58,48,9,20,18,17,9,37,12,6,11,22,18,7,26,17,14,19,11,15,11,9,0,14,11,0,33,9,11,10,12,35,15,14,13,13,13,39,9,18,10,13,16,14,22,4,13,17,34,11,10,73,5,13,27,23,23,11,10,6,14,9,12,19,16,9,11,9,21,14,14,15,10,13,7,43,16
7/6/20,41,52,9,16,16,15,8,31,14,5,10,19,13,7,28,14,14,28,12,17,12,8,26,12,9,14,33,4,12,14,11,33,13,13,12,12,12,38,10,36,11,9,15,13,34,4,10,17,44,9,9,68,7,13,23,23,22,10,11,5,13,9,10,15,15,8,10,9,15,13,12,14,11,11,7,46,15
14/6/20,28,36,6,16,11,14,8,27,9,5,9,22,13,5,22,17,13,26,8,17,8,8,25,11,9,0,34,4,13,8,8,33,17,11,11,11,10,40,8,0,9,11,12,16,23,3,19,17,64,8,8,67,6,11,19,21,20,9,7,5,11,7,10,14,14,7,9,9,15,12,12,12,11,10,6,38,15
21/6/20,0,38,7,15,13,13,7,27,12,5,9,25,12,5,23,13,12,20,10,16,9,7,0,11,10,16,35,2,9,10,9,36,15,11,10,10,9,43,8,18,10,11,12,8,47,3,6,15,62,8,8,62,5,12,21,17,20,9,10,4,10,7,8,14,14,7,9,8,14,12,12,12,8,10,6,38,17
28/6/20,18,38,6,15,13,12,6,24,5,5,9,15,12,6,23,14,11,33,8,14,6,7,0,10,9,16,0,5,8,13,9,32,14,11,9,10,9,39,8,20,8,13,12,12,35,3,16,21,38,8,7,61,5,10,15,19,21,10,9,4,10,7,7,11,15,7,9,8,10,11,11,12,8,11,6,33,15
5/7/20,34,41,6,14,11,12,7,24,14,5,8,15,12,4,20,16,13,18,6,16,9,7,27,10,8,0,33,4,9,10,8,31,13,10,9,8,8,39,7,29,10,12,10,8,23,3,13,17,51,8,6,63,4,11,14,17,23,8,9,4,10,6,8,13,14,8,8,6,13,11,11,14,10,9,6,37,16
12/7/20,0,38,7,14,11,28,8,22,7,5,8,15,11,5,24,16,14,28,9,16,8,8,32,10,9,0,36,3,10,11,9,33,13,11,11,8,9,38,8,19,10,12,10,8,50,4,27,14,45,8,8,66,5,13,23,13,20,9,9,3,10,6,8,13,13,7,9,9,10,9,12,12,14,11,7,35,15
19/7/20,39,37,6,12,11,14,7,23,5,5,6,14,10,5,22,15,14,15,9,16,8,7,28,10,8,0,0,8,8,11,9,31,13,10,11,8,8,31,6,21,10,11,11,12,25,3,13,17,59,7,7,68,5,13,16,14,22,10,9,4,11,7,8,17,13,8,9,8,12,10,10,12,9,11,6,39,13
26/7/20,27,69,11,27,19,19,13,33,11,7,14,35,22,9,34,17,18,26,15,29,14,13,0,19,15,0,34,0,19,18,14,46,16,18,16,15,17,53,15,42,16,22,17,21,48,5,22,19,99,15,12,88,9,17,26,27,28,15,17,7,20,12,15,25,21,10,16,12,22,16,21,21,14,16,11,52,19
2/8/20,36,52,9,22,17,17,12,27,17,7,14,30,18,7,33,22,17,25,15,21,13,11,0,17,16,0,35,4,16,17,13,44,14,16,13,15,16,50,10,34,19,20,17,10,38,5,33,18,97,12,12,83,8,16,19,21,27,12,15,6,19,10,13,22,21,11,14,11,19,16,22,21,14,14,10,46,19
9/8/20,21,52,8,20,17,15,10,28,7,6,10,23,16,6,25,19,16,6,12,29,11,11,0,15,14,0,72,6,14,20,11,38,14,14,13,11,11,40,9,19,15,18,16,11,38,4,9,24,82,11,10,79,6,15,17,18,25,10,12,5,15,9,12,19,20,9,14,11,16,14,19,18,11,13,8,51,18
16/8/20,14,46,10,19,16,14,10,29,8,6,15,26,14,7,27,19,17,21,11,21,11,9,0,14,15,0,35,4,12,15,11,38,14,14,12,12,13,50,10,0,11,21,16,16,0,4,18,28,93,11,9,75,8,14,19,19,23,11,12,5,14,8,12,17,19,8,12,10,14,14,18,17,12,13,8,53,18
23/8/20,28,46,7,18,13,13,8,22,6,5,10,25,13,5,31,14,22,19,6,0,14,8,56,12,11,16,70,7,14,14,9,33,12,12,12,11,9,42,13,16,10,12,12,9,36,3,6,14,86,9,8,74,6,13,19,18,21,9,11,5,12,8,10,15,18,8,11,9,13,12,15,14,8,11,6,46,19
30/8/20,20,50,8,18,15,14,9,21,7,6,10,29,15,5,25,21,18,20,8,14,11,9,0,13,11,0,0,4,13,18,10,37,13,11,11,12,9,41,9,16,12,22,13,6,25,3,22,17,93,10,9,82,5,15,17,19,20,10,13,5,14,7,11,19,18,8,12,9,14,12,16,17,10,12,7,51,20
6/9/20,30,39,8,16,14,13,8,20,5,5,12,22,12,5,24,16,17,12,8,14,9,8,0,12,10,0,0,4,12,14,9,32,13,11,10,11,9,36,8,35,10,14,12,14,32,3,8,20,100,9,9,72,5,13,18,18,17,10,11,5,13,7,10,16,17,8,12,9,13,14,14,15,10,11,6,54,17
13/9/20,15,46,5,14,12,11,7,24,7,5,7,18,13,4,24,14,19,9,8,20,9,7,28,10,12,0,66,2,11,13,8,33,13,10,10,10,8,39,10,17,5,12,11,11,24,3,6,17,76,9,8,64,6,14,18,18,15,9,9,5,11,6,9,15,16,7,9,8,12,12,13,14,8,10,5,48,16
20/9/20,19,43,6,13,10,12,8,18,9,4,7,19,12,5,23,14,16,16,7,15,8,7,0,10,9,0,35,4,8,12,7,30,12,9,9,10,6,29,7,0,11,16,10,10,26,3,14,17,75,8,8,56,5,12,15,17,14,8,11,5,12,5,8,14,16,7,8,8,11,12,12,12,7,10,5,45,15
27/9/20,25,35,5,11,10,11,7,17,6,4,10,13,11,5,24,13,15,13,8,16,7,6,30,9,8,0,0,5,8,10,7,28,11,8,8,9,8,31,6,17,5,14,10,5,24,3,23,18,59,7,8,56,4,13,12,17,13,7,8,4,12,4,8,12,14,7,8,8,10,10,11,11,7,9,5,43,14
4/10/20,0,40,5,7,10,10,6,29,0,4,7,22,10,5,21,17,19,21,10,0,4,4,0,8,7,0,0,0,7,12,6,24,14,7,7,7,9,32,11,0,13,0,10,21,0,2,40,11,78,8,4,45,6,14,22,19,12,8,8,4,11,6,10,10,12,5,9,7,10,8,10,15,7,8,5,43,16